Date,Open,High,Low,Close,Volume,Adj_Close
2017-10-03,695.6265258789062,727.5296982988741,689.875132672024,722.613957094152,35367877,722.613957094152
2017-10-04,691.792236328125,698.77256435776,687.2205733184301,698.1826994562649,3613280,698.1826994562649
2017-10-05,682.8456420898438,692.6771251233355,674.5380269252212,692.6771251233355,2680742,692.6771251233355
2017-10-06,685.0084228515625,690.1699502573332,677.3890252525678,682.2064748339257,1416485,682.2064748339257
2017-10-09,686.8765258789062,690.6616225120956,682.4031534858215,682.4031534858215,951473,682.4031534858215
2017-10-10,688.2037353515625,689.3835251849144,683.8287138897925,686.5815168298781,555002,686.5815168298781
2017-10-11,678.2740478515625,691.1532668006803,674.4397454128972,688.2038218498951,1077409,688.2038218498951
2017-10-12,676.111083984375,682.3049061454689,673.4565716277323,679.4537521315547,439314,679.4537521315547
2017-10-13,678.0772705078125,683.3370889482782,668.5407217404886,677.3399094176575,1344510,677.3399094176575
2017-10-16,658.8075561523438,677.8315089985654,657.7261171820393,674.4396358548265,971834,674.4396358548265
2017-10-17,661.7078247070312,662.6418274146477,657.7260868551917,659.2008090230286,664335,659.2008090230286
2017-10-18,657.1362915039062,661.5112530593353,652.9579115863713,659.6924528625798,415712,659.6924528625798
2017-10-19,663.7233276367188,666.8202684778495,654.8749938124643,654.8749938124643,93358,654.8749938124643
2017-10-23,654.5801391601562,662.4453257166174,653.7936325058324,658.7093741036206,292330,658.7093741036206
2017-10-24,654.6292114257812,660.1348774040613,651.8272630307795,652.6137695972182,350373,652.6137695972182
2017-10-25,658.6110229492188,662.1011871626465,647.0098258357543,655.7598690810069,583868,655.7598690810069
2017-10-26,655.6123046875,658.6109544810453,649.3693380817836,658.6109544810453,242175,658.6109544810453
2017-10-27,651.0408325195312,654.8259295664111,647.8947458796432,652.0239808440831,396395,652.0239808440831
2017-10-30,643.9620971679688,653.7935795674797,638.9480651468607,653.7935795674797,1164020,653.7935795674797
2017-10-31,650.9424438476562,657.7261908954091,644.7486217643126,644.7486217643126,1402840,644.7486217643126
2017-11-01,636.1460571289062,653.6460838116404,631.4269575749767,652.8104318097073,859011,652.8104318097073
2017-11-02,631.9185180664062,642.5856522450485,630.3946503275438,636.14604340882,574130,636.14604340882
2017-11-03,631.4269409179688,642.4873583338149,630.2962964683736,632.2134474884413,672547,632.2134474884413
2017-11-06,645.6825561523438,648.7794968689241,631.8201910544925,631.8201910544925,483071,631.8201910544925
2017-11-07,631.525146484375,647.8945860526848,628.772343856032,647.8945860526848,763293,647.8945860526848
2017-11-08,620.956298828125,638.0630992988688,618.4001378412765,638.0630992988688,843603,638.0630992988688
2017-11-09,646.8623657226562,659.1025727294191,622.3328063007909,622.3328063007909,356798,622.3328063007909
2017-11-10,665.1489868164062,667.7543538784951,644.0604432584506,644.0604432584506,784443,644.0604432584506
2017-11-13,653.7935791015625,669.3273092803986,651.8272826230616,653.7935791015625,192279,653.7935791015625
2017-11-14,648.8778076171875,656.4972061157226,642.9789184570312,644.1587082903832,350594,644.1587082903832
2017-11-15,638.4072265625,648.9269237583177,633.5406912301393,639.1445876742638,269314,639.1445876742638
2017-11-16,638.947998046875,648.0912637169066,631.9676102723132,637.6698574638791,261879,637.6698574638791
2017-11-17,648.4354248046875,652.5155140984306,634.2289204042349,641.9958156839117,3200674,641.9958156839117
2017-11-20,650.3033447265625,653.7935085982105,645.4367494657521,646.2232559710164,712433,646.2232559710164
2017-11-21,675.865234375,684.6644226658609,648.8778045917934,648.8778045917934,2077453,648.8778045917934
2017-11-22,681.4691772460938,687.1714246241459,669.671399219806,677.389088342695,669175,677.389088342695
2017-11-23,655.0716552734375,677.3891321511462,652.8104263401467,677.3891321511462,827451,677.3891321511462
2017-11-24,644.6503295898438,659.1517665037231,643.9621138027787,656.7430412522996,599114,656.7430412522996
2017-11-27,642.6839599609375,651.532293342667,640.8650998729546,644.5027600423192,239417,644.5027600423192
2017-11-28,642.438232421875,655.7107337236998,641.0126554659132,641.9958037104929,269211,641.9958037104929
2017-11-29,645.141845703125,647.3047836936927,639.8328215450591,643.0280531200833,258606,643.0280531200833
2017-11-30,643.86376953125,654.7275449602106,642.8314159330449,654.7275449602106,316178,654.7275449602106
2017-12-01,644.846923828125,646.9115110309014,641.2584089208289,646.9115110309014,86648,646.9115110309014
2017-12-04,650.5982666015625,654.5800044751749,642.0448659800182,648.8777573963449,162592,648.8777573963449
2017-12-05,647.9929809570312,650.9916310942039,642.5365202265574,648.8778383756406,125688,648.8778383756406
2017-12-06,645.0435791015625,648.8778814948581,643.0281370770293,643.0281370770293,210799,643.0281370770293
2017-12-07,657.1362915039062,658.7093046466891,640.0294885447681,644.0603722272775,279051,644.0603722272775
2017-12-08,674.1447143554688,678.2739486841735,652.8595324033349,652.8595324033349,480717,652.8595324033349
2017-12-11,663.3792724609375,671.2444583515452,659.7416119852102,668.5408007016488,122163,668.5408007016488
2017-12-12,664.6572875976562,670.5070310280332,659.692401495323,659.7415469009698,121938,659.7415469009698
2017-12-13,663.9690551757812,670.5070141403464,645.9283112759642,659.7415302844273,260250,659.7415302844273
2017-12-14,668.4424438476562,671.4901790765495,661.9536301249475,663.7232847741952,444539,663.7232847741952
2017-12-15,677.3890991210938,679.3553954900955,666.5744690915842,669.0323395528364,351667,669.0323395528364
2017-12-18,680.4861450195312,682.3049454391665,653.7936436845039,669.9664458190747,259324,669.9664458190747
2017-12-19,685.5491943359375,688.1054155349029,676.5042193369079,676.5042193369079,343970,676.5042193369079
2017-12-20,685.4017333984375,691.890486964488,680.4859928160965,680.4859928160965,531872,680.4859928160965
2017-12-21,689.9733276367188,692.529548712007,681.6165687496807,681.6165687496807,259491,681.6165687496807
2017-12-22,691.0055541992188,692.0379076140565,682.3047183212461,682.3047183212461,390144,682.3047183212461
2017-12-26,689.8750610351562,695.8722406795255,685.4508944103134,690.9073545796329,272983,690.9073545796329
2017-12-27,688.646240234375,690.1701081013679,683.3863608139668,688.2038114970906,163978,688.2038114970906
2017-12-28,687.1222534179688,691.1531367562973,678.9129305122804,685.2542479646361,269410,685.2542479646361
2017-12-29,683.6321411132812,693.5128294571252,681.3217666288001,683.7304919464864,667407,683.7304919464864
2018-01-01,687.712158203125,691.1531768646131,682.3048431636437,682.3048431636437,174646,682.3048431636437
2018-01-02,673.5548095703125,688.351238024104,668.6390685575191,687.7121676897992,342012,687.7121676897992
2018-01-03,678.8638305664062,683.2879974564117,668.7865615391714,673.5056608871898,125483,673.5056608871898
2018-01-04,689.7767333984375,690.3666583055356,678.3722386071039,682.8946961951771,411800,682.8946961951771
2018-01-05,690.1207885742188,693.0210873351219,687.2204898133157,688.203637867412,195946,688.203637867412
2018-01-08,692.2837524414062,694.9874096922855,680.3384791303373,680.3384791303373,310252,680.3384791303373
2018-01-09,705.1630249023438,707.8175369625507,688.3512151987036,688.3512151987036,605429,688.3512151987036
2018-01-10,699.6082763671875,702.9510044469207,694.200960948365,702.8035082055826,297500,702.8035082055826
2018-01-11,691.939697265625,702.6560367428473,687.2205978652959,695.0857835347126,113144,695.0857835347126
2018-01-12,689.9242553710938,697.0520798832996,688.2037460060785,691.9396971973621,93456,691.9396971973621
2018-01-15,704.6715087890625,712.3891985555081,689.6784979637633,689.6784979637633,764541,689.6784979637633
2018-01-16,689.0394287109375,703.934148737852,684.2711836893086,703.934148737852,338329,703.934148737852
2018-01-17,693.365234375,702.7542872276766,679.9944435070272,684.2711139666785,232397,684.2711139666785
2018-01-18,695.8721923828125,700.0014262807316,688.301940237727,694.6924026967505,323715,694.6924026967505
2018-01-19,699.5098876953125,701.9186125917181,689.6292610861785,693.1685703171343,293534,693.1685703171343
2018-01-22,702.6068725585938,704.917246784605,690.0225278185235,692.2346112289354,464739,692.2346112289354
2018-01-23,704.8189086914062,709.8329400827026,698.0351626852062,698.0351626852062,399677,698.0351626852062
2018-01-24,690.7598876953125,702.2627334097929,686.2374300671387,699.2149980525369,200051,699.2149980525369
2018-01-25,670.5562133789062,695.0857728081819,650.0084521386095,690.6616059374085,424803,690.6616059374085
2018-01-29,670.359619140625,677.831581943576,668.5408188566728,670.5071153827217,143914,670.5071153827217
2018-01-30,656.6447143554688,670.2121476706159,652.1221965793499,670.2121476706159,339031,670.2121476706159
2018-01-31,649.516845703125,670.0154605144636,642.7330995030529,658.7092568520771,324432,658.7092568520771
2018-02-01,696.7571411132812,709.8330001676809,649.3693858874699,653.7935527860219,1539000,653.7935527860219
2018-02-02,706.1954345703125,720.8935141287085,679.4537879501004,696.4623020916691,1772440,696.4623020916691
2018-02-05,683.3370971679688,704.3764911961073,678.3722111025239,704.3764911961073,352909,704.3764911961073
2018-02-06,683.5338134765625,693.1195088111853,653.7935792332456,658.7093204304881,399206,658.7093204304881
2018-02-07,701.6729125976562,702.9509933114466,688.2529150863405,688.2529150863405,315230,688.2529150863405
2018-02-08,702.9508666992188,707.8666070257867,699.0674198399109,705.015453633739,159852,705.015453633739
2018-02-09,697.9368286132812,705.5562260435285,687.2204908055213,688.203638861037,159318,688.203638861037
2018-02-12,674.2429809570312,705.9003629980989,670.0154559654658,697.0520297571757,689547,697.0520297571757
2018-02-14,670.7529296875,683.28807055011,668.049271854388,677.3891807324112,312807,677.3891807324112
2018-02-15,670.9004516601562,683.2880967496634,661.8554749248814,673.4566133431933,282049,673.4566133431933
2018-02-16,677.6349487304688,682.8456225880828,674.0956389421369,676.4060133863801,226925,676.4060133863801
2018-02-19,673.7023315429688,693.11950928536,667.164371743521,688.2037680847546,423633,688.2037680847546
2018-02-20,663.2809448242188,678.3722454115298,658.7092817764129,675.4228008662622,172882,675.4228008662622
2018-02-21,664.1166381835938,671.4411045956741,651.2865656130484,668.5408052773408,428939,668.5408052773408
2018-02-22,654.9733276367188,664.0183028680688,652.8103896456086,663.6250195945569,235890,663.6250195945569
2018-02-23,664.313232421875,668.2949705207518,654.9241793721133,658.7092758350918,288608,658.7092758350918
2018-02-26,670.7036743164062,678.1264307854451,662.8876345880194,668.5407364031935,271771,668.5407364031935
2018-02-27,677.8316040039062,679.1588301995414,664.6082474345449,670.0155630571633,219932,670.0155630571633
2018-02-28,682.79638671875,686.9256209291684,670.6053257178196,677.7823551817709,360647,677.7823551817709
2018-03-01,678.3721923828125,684.2710810122283,674.439599963202,684.1727902043773,272512,684.1727902043773
2018-03-05,661.2163696289062,677.3891709809341,654.7767603386097,677.3891709809341,301455,677.3891709809341
2018-03-06,644.01123046875,670.6053778580333,640.0294921731414,666.5744941526726,245988,666.5744941526726
2018-03-07,641.6024780273438,648.8286531516247,639.0954621705943,645.9283540203801,192215,645.9283540203801
2018-03-08,642.2906494140625,648.3370343040502,636.0968283112694,642.5855818462719,113706,642.5855818462719
2018-03-09,659.0043334960938,663.0352777747739,639.5871533922984,646.4200464934378,483527,646.4200464934378
2018-03-12,667.1151733398438,678.2739409827735,657.529478760113,658.9059101895867,163349,658.9059101895867
2018-03-13,666.0828857421875,673.4564970234663,660.675570802583,665.5913116567689,73256,665.5913116567689
2018-03-14,662.7894897460938,671.9819028934909,656.2515291607976,661.658845131411,305570,661.658845131411
2018-03-15,663.625,665.3455092592592,659.7415528134946,661.1671296296296,140732,661.1671296296296
2018-03-16,657.1854248046875,665.9354077609315,654.7766997188155,663.6250334987996,150189,663.6250334987996
2018-03-19,662.7401123046875,670.3103646999641,655.2190653198448,655.2190653198448,138766,655.2190653198448
2018-03-20,675.0294799804688,676.8974854243668,657.1362320747484,657.7260969482954,167488,657.7260969482954
2018-03-21,661.5604248046875,679.3553826039742,659.2499906109733,674.537932588657,395902,674.537932588657
2018-03-22,653.6953125,667.5576791843963,650.8933039103566,663.62508608169,147381,663.62508608169
2018-03-23,653.3018798828125,662.5434955647559,646.9114175513779,648.9268590545884,225060,648.9268590545884
2018-03-26,651.9255981445312,658.1686257042717,647.8947142135246,649.0253587341431,186540,649.0253587341431
2018-03-27,661.6095581054688,669.32724706355,654.8258118825763,655.7598146243661,369173,655.7598146243661
2018-03-28,666.8202514648438,699.0183542816128,652.8103899338831,657.6769854143795,446572,657.6769854143795
2018-04-02,672.375,683.2879197516684,669.5238465480377,669.5238465480377,263227,669.5238465480377
2018-04-03,670.5015869140625,676.4177773868336,665.5714281867532,676.4177773868336,783770,676.4177773868336
2018-04-04,670.4522094726562,681.2985572508716,667.641983256926,671.5368201774403,520436,671.5368201774403
2018-04-05,665.5713500976562,678.044674287339,664.7332472853859,670.994524061415,514819,670.994524061415
2018-04-06,670.1565551757812,675.4318013762612,664.5854512811679,670.1565551757812,667025,670.1565551757812
2018-04-09,669.2197265625,675.4317142335294,665.5713972374195,666.1137026356859,886583,666.1137026356859
2018-04-10,685.9822387695312,690.1728733298522,668.5294663288516,668.5294663288516,955511,668.5294663288516
2018-04-11,708.9568481445312,709.942879922201,681.347958369779,681.347958369779,715637,681.347958369779
2018-04-12,709.0060424804688,714.5771453491693,702.0545314179757,703.582868431594,665026,703.582868431594
2018-04-13,701.70947265625,709.9428131524089,696.483456580022,704.0266230428055,681889,704.0266230428055
2018-04-16,698.9979248046875,702.5476149968945,692.194281723256,692.194281723256,389870,692.194281723256
2018-04-17,711.3233032226562,712.9009298935024,698.3076725490765,700.0825175994283,307669,700.0825175994283
2018-04-18,711.2739868164062,714.3800109369995,703.089935235567,705.9001618643425,241773,705.9001618643425
2018-04-19,712.8023071289062,714.8236599841625,703.9280222381844,706.0479541858548,228583,706.0479541858548
2018-04-20,706.1466674804688,711.8656396396657,700.1811271991987,707.9708021595101,114992,707.9708021595101
2018-04-23,706.9354858398438,714.8730295102996,702.1531956707994,702.1531956707994,523622,702.1531956707994
2018-04-24,735.5796508789062,744.4539362112255,704.9633785189246,706.9847314747665,1182526,706.9847314747665
2018-04-25,755.3989868164062,758.0612848853017,735.6290599828934,739.4253187682509,1763048,739.4253187682509
2018-04-26,752.1450805664062,760.2798433010341,732.2765749665465,756.2864263587384,1352072,756.2864263587384
2018-04-27,748.2501831054688,763.7801834521268,734.5936671911312,739.5238260313401,700854,739.5238260313401
2018-04-30,732.7201538085938,752.1942804579845,721.7752256888119,745.4399871868058,448784,745.4399871868058
2018-05-02,736.1219482421875,747.066936142107,726.2123417658132,726.2123417658132,514382,726.2123417658132
2018-05-03,721.7752075195312,741.5451311534576,706.2452081774102,736.1219567800185,259083,736.1219567800185
2018-05-04,692.2928466796875,718.7678344766293,690.3207832392866,714.8729971453176,405214,714.8729971453176
2018-05-07,693.7718505859375,704.6181988253472,686.5738315181211,694.1662873222273,291749,694.1662873222273
2018-05-08,692.6380004882812,698.9979171806685,682.5804648099247,698.9979171806685,256284,698.9979171806685
2018-05-09,690.1729736328125,699.0965494274886,681.3479769455496,695.0538431018668,1771037,695.0538431018668
2018-05-10,703.7801513671875,708.9568179796956,683.3199928510836,693.0817311077109,589720,693.0817311077109
2018-05-11,688.5459594726562,705.9001543944206,686.3273880335962,701.1178642939966,402458,701.1178642939966
2018-05-14,681.495849609375,694.7086385915993,678.3898256080422,692.1942697337872,226655,692.1942697337872
2018-05-15,669.4169311523438,689.2361438333098,662.8105068644892,680.3618587195762,579274,680.3618587195762
2018-05-16,658.3240966796875,673.4596593879133,655.7603781185778,664.5853739787021,632333,664.5853739787021
2018-05-17,660.3453979492188,670.2057142985199,656.2040530459933,660.7397744936338,203078,660.7397744936338
2018-05-18,655.9083251953125,664.2895949816169,653.7883328822066,659.6552337691401,224549,659.6552337691401
2018-05-21,646.0480346679688,696.8286713674797,637.9625620307492,653.7390705199176,297261,653.7390705199176
2018-05-22,650.731689453125,660.641296869649,646.7382727548368,646.8368518604324,403662,646.8368518604324
2018-05-23,669.5648193359375,674.4456883274587,650.0906931013361,655.513867495782,355517,655.513867495782
2018-05-24,668.8253173828125,677.2558767255275,662.2188926865406,664.2403059001576,75038,664.2403059001576
2018-05-25,674.2977294921875,678.3897849716686,663.6485995553144,665.5713733370296,91418,665.5713733370296
2018-05-28,675.7767944335938,688.5952063991386,670.40296987104,672.2271044238668,824327,672.2271044238668
2018-05-29,685.587890625,692.6873315399373,670.5016162948859,670.8960530833953,1042346,670.8960530833953
2018-05-30,684.6018676757812,689.0390107820831,675.5303630663765,684.7990860725823,209019,684.7990860725823
2018-05-31,680.1646728515625,688.4966529763752,661.183562117878,680.7069782645763,205322,680.7069782645763
2018-06-01,666.5574340820312,682.9748860803162,664.2402836430994,679.277267178234,250207,679.277267178234
2018-06-04,650.8302612304688,670.5016071836267,649.3019240153209,666.7546984741213,635824,666.7546984741213
2018-06-05,655.7111206054688,663.4021562993582,650.7809618039239,650.8302513554188,189718,650.8302513554188
2018-06-06,673.5582275390625,676.8121802823014,652.7529828242007,659.6552046969641,174179,659.6552046969641
2018-06-07,682.333984375,687.2641432216402,671.5862140162832,680.3126312843982,339268,680.3126312843982
2018-06-08,682.6790161132812,687.1655084463285,672.0298859038094,675.9247231136314,231427,675.9247231136314
2018-06-11,702.547607421875,704.0266550164473,678.5870484263228,678.8828459087171,872476,678.8828459087171
2018-06-12,709.8442993164062,719.7046170722524,698.3077155055456,698.3077155055456,678290,698.3077155055456
2018-06-13,692.4407958984375,719.7045978377535,690.2222244626646,705.7029349621333,584484,705.7029349621333
2018-06-14,680.2633666992188,692.1450379191775,676.4178185846603,692.1450379191775,463811,692.1450379191775
2018-06-15,662.4160766601562,679.4744128440184,658.7677473741908,675.7767940101206,4172714,675.7767940101206
2018-06-18,662.4653930664062,674.4949921969225,660.6412584407668,667.2476830616946,159457,667.2476830616946
2018-06-19,664.0430908203125,670.5015867146465,657.6831740274547,657.6831740274547,382091,657.6831740274547
2018-06-20,666.7546997070312,676.4177990860252,664.0431123200245,664.0431123200245,294569,664.0431123200245
2018-06-21,666.01513671875,676.1712513892061,665.5714104086243,666.7546605080929,192773,666.7546605080929
2018-06-22,675.62890625,682.8269253398065,669.3182795456621,669.3182795456621,159149,669.3182795456621
2018-06-25,680.1154174804688,689.1376323037041,668.2337466164608,676.4177983205532,173207,676.4177983205532
2018-06-26,675.1359252929688,684.6510952049144,668.9239375434282,680.115373402418,141038,680.115373402418
2018-06-27,668.2830200195312,679.2279483953532,665.0784168250443,672.02992864118,216975,672.02992864118
2018-06-28,657.091552734375,671.5861706617075,648.8581518824353,671.5861706617075,255422,671.5861706617075
2018-06-29,664.9304809570312,675.4317430794086,656.6971399866951,656.6971399866951,162407,656.6971399866951
2018-07-02,660.0496215820312,674.2977310158835,651.6190026879677,665.8671723044167,125314,665.8671723044167
2018-07-03,660.8877563476562,664.9798120340386,656.3520345360274,661.1342642761708,84524,661.1342642761708
2018-07-04,654.7743530273438,662.613317254599,652.1614050733255,658.6691903661788,133985,658.6691903661788
2018-07-05,655.8095703125,661.1341648406286,653.7389280974448,660.6411490577497,134614,660.6411490577497
2018-07-06,658.718505859375,660.6412798297283,654.9715972043239,660.4440614410198,166887,660.4440614410198
2018-07-09,655.563232421875,660.6413203754151,651.5205260269486,655.7111612681359,134065,655.7111612681359
2018-07-10,652.112060546875,660.3454616017386,650.7809417844471,660.3454616017386,330679,660.3454616017386
2018-07-11,652.8516235351562,654.7743975605549,650.7316912980074,650.7316912980074,294280,650.7316912980074
2018-07-12,655.4153442382812,658.0282923777553,652.1614513609074,654.9716178953202,138269,654.9716178953202
2018-07-13,651.8162841796875,655.711121675786,649.7949311042752,652.7530263900305,98347,652.7530263900305
2018-07-16,647.0339965820312,652.3092419654363,645.8507465365898,651.865515675571,55711,651.865515675571
2018-07-17,655.2673950195312,656.6971531101203,645.3577878537143,646.0480221232335,56942,646.0480221232335
2018-07-18,640.1318359375,658.6692211427206,631.0603316337443,657.683189374543,273188,657.683189374543
2018-07-19,624.8975830078125,647.7735302329415,622.1859958626109,640.9205979567307,190097,640.9205979567307
2018-07-20,624.2073974609375,629.0882667394017,619.2279490789095,623.1720761431063,295830,623.1720761431063
2018-07-23,643.6322021484375,648.0200553179495,621.1999806258378,624.6510916293147,128365,624.6510916293147
2018-07-24,645.5057373046875,648.9568485798892,638.3570068060556,643.385744876879,98615,643.385744876879
2018-07-25,650.534423828125,655.5138719512595,642.0052254222115,646.5410074197736,309730,646.5410074197736
2018-07-26,663.7965698242188,672.473636974466,649.0553834874519,653.7390341848547,349706,653.7390341848547
2018-07-27,684.355224609375,687.9542640469501,663.254184335065,675.2344322471899,378854,675.2344322471899
2018-07-30,679.7210083007812,693.7226721247954,674.9387780661235,684.3553698725995,111734,684.3553698725995
2018-07-31,676.417724609375,701.7587505270328,673.0159033164382,673.6568479740193,300404,673.6568479740193
2018-08-01,685.63720703125,698.3570416763001,677.3545757915998,681.4465717652786,141857,681.4465717652786
2018-08-02,685.4893188476562,695.1524184433981,675.974087912233,681.5451916508143,156616,681.5451916508143
2018-08-03,680.1646728515625,694.16633540332,676.4177643276669,694.16633540332,86846,694.16633540332
2018-08-06,677.0093383789062,687.6585288414445,670.6001323551112,681.3479019142069,137689,681.3479019142069
2018-08-07,676.5164184570312,686.0809393006386,673.4597438391497,686.0809393006386,186264,686.0809393006386
2018-08-08,667.74072265625,679.4251749872901,664.3389010337312,676.5163692468,86449,676.5163692468
2018-08-09,663.9938354492188,674.8401852043984,659.655271474105,674.8401852043984,136388,674.8401852043984
2018-08-10,640.822021484375,666.5081350557416,635.0044104214496,665.571392910681,357324,665.571392910681
2018-08-13,644.5689086914062,652.3092331555267,641.9066111707685,643.8786744923377,227848,643.8786744923377
2018-08-14,649.64697265625,652.7529966377626,644.6182349727151,645.8507746189343,40999,645.8507746189343
2018-08-16,639.4909057617188,654.084164226183,637.1244655738243,651.7670135912981,310896,651.7670135912981
2018-08-17,645.8014526367188,649.4990713896782,642.9419367280581,644.6182025992524,151040,644.6182025992524
2018-08-20,663.1556396484375,664.5853977186255,650.8302428064749,651.7669850029844,171665,651.7669850029844
2018-08-21,660.7399291992188,674.4457962068758,654.3307220715218,663.2050088637176,118889,663.2050088637176
2018-08-23,660.6904907226562,665.6699384860534,657.732395792013,665.6699384860534,77770,665.6699384860534
2018-08-24,651.6190795898438,664.1909848205341,650.8795557527443,657.2887623409395,136148,657.2887623409395
2018-08-27,651.1754150390625,660.6412961042308,647.8228828962382,655.7111371780798,105281,655.7111371780798
2018-08-28,649.055419921875,654.1335076676817,644.8647848521173,650.780975538834,164292,650.780975538834
2018-08-29,659.9510498046875,664.0923952637885,649.0554108127525,650.7809664054944,215118,650.7809664054944
2018-08-30,654.9222412109375,665.3741527435129,641.4628849665186,663.451378968225,325212,663.451378968225
2018-08-31,663.0078125,668.5295665578188,649.9921805835921,654.8730500750708,121399,654.8730500750708
2018-09-03,657.6339111328125,665.5714549666345,655.711137115277,659.2608274687241,88542,659.2608274687241
2018-09-04,655.563232421875,665.5714794826944,653.7883871797758,662.0217889984958,82766,662.0217889984958
2018-09-05,660.0496215820312,663.0570061281268,650.8301893913422,650.8301893913422,169872,650.8301893913422
2018-09-06,669.5648193359375,672.3750458135282,657.1408438871556,660.0496494625147,139910,660.0496494625147
2018-09-07,666.656005859375,675.4317120303268,661.7258473774018,670.9945693965509,1353205,670.9945693965509
2018-09-10,666.5574340820312,677.2558540323496,661.8244939238858,661.8244939238858,125634,661.8244939238858
2018-09-11,667.1489868164062,672.4735817715062,662.0216704093862,664.6346181586184,391766,664.6346181586184
2018-09-12,663.8952026367188,666.4095717043366,653.7390870761295,663.9938419268365,232965,663.9938419268365
2018-09-14,660.6904907226562,668.52945432538,656.9928720593522,661.8737407314327,717060,661.8737407314327
2018-09-17,633.67333984375,659.2608160799127,624.158109208525,655.3660387419926,1979234,655.3660387419926
2018-09-18,614.2978515625,633.0324569873595,611.2411768556981,633.0324569873595,350633,633.0324569873595
2018-09-19,603.8951416015625,626.1301449486521,601.4793518404374,614.6428512871838,208275,614.6428512871838
2018-09-21,604.7825317382812,620.9041864791532,581.265699275738,607.3955398708306,1139496,607.3955398708306
2018-09-24,578.7019653320312,601.4792710308171,573.8703864589107,601.4792710308171,287803,601.4792710308171
2018-09-25,558.1432495117188,573.8704676637666,547.2476109164784,566.9682455440992,367015,566.9682455440992
2018-09-26,569.1868286132812,581.7587334462294,563.3692172057781,566.918967621113,141456,566.918967621113
2018-09-27,544.09228515625,573.4267285079806,538.3733132788191,573.4267285079806,615329,573.4267285079806
2018-09-28,504.4538269042969,552.1777554655604,500.90410674375835,552.1777554655604,527415,552.1777554655604
2018-10-01,514.0675659179688,525.5548584735907,478.2253402620853,504.84819425605707,568704,504.84819425605707
2018-10-03,534.478515625,546.7546233526672,514.0676456923562,517.6666857712358,1232831,517.6666857712358
2018-10-04,557.5023193359375,575.8424839645086,527.5269330839247,534.7249520969619,1801469,534.7249520969619
2018-10-05,550.5015258789062,572.5886616290129,532.5064460527258,559.6716093154529,874787,559.6716093154529
2018-10-08,541.775146484375,558.5869754567473,525.6534915774309,557.107927860657,237685,557.107927860657
2018-10-09,532.7529296875,556.5163304010746,532.5064217559232,546.1136475424485,205413,546.1136475424485
2018-10-10,553.2130737304688,586.6888620111544,528.4637021119453,532.4571184639049,152186,532.4571184639049
2018-10-11,533.2952880859375,552.1778215938409,524.5689305141489,552.1778215938409,223216,552.1778215938409
2018-10-12,544.7825317382812,547.050392684563,532.9501509584453,542.3174524091487,213930,542.3174524091487
2018-10-15,531.1753540039062,548.2336924705143,527.5270242297215,548.2336924705143,266017,548.2336924705143
2018-10-16,538.9649047851562,541.8737103455173,531.1752904410389,534.6264014015286,505786,534.6264014015286
2018-10-17,552.1284790039062,559.0799906607874,541.3314195286989,543.3034829878198,379784,543.3034829878198
2018-10-19,556.269775390625,573.7224873231116,547.4940696961626,550.2056567140183,1287121,550.2056567140183
2018-10-22,550.0577392578125,569.9263013448633,545.324799310845,565.9821746919577,1008814,565.9821746919577
2018-10-23,571.3561401367188,577.8639259617892,537.4859116028882,539.5566144982143,719595,539.5566144982143
2018-10-24,555.8753662109375,591.421796661166,550.4521919064406,577.814571351857,226896,577.814571351857
2018-10-25,555.5303955078125,561.0521500645776,549.0718384286429,555.678264182973,112717,555.678264182973
2018-10-26,562.4326171875,569.9264355192065,544.2896062397958,555.1852466470232,587007,555.1852466470232
2018-10-29,570.8137817382812,576.8285511041048,558.143238138657,560.1153015612351,398793,560.1153015612351
2018-10-30,551.0931396484375,571.8983843867076,548.3815524810867,571.8983843867076,158937,571.8983843867076
2018-10-31,552.5721435546875,559.0799281693353,539.4085853268584,550.698659404892,96124,550.698659404892
2018-11-01,555.9246826171875,561.0520596984032,549.7126946957114,550.2057105653936,109226,550.2057105653936
2018-11-02,555.431640625,563.9608388424067,552.4242559978989,553.3609981427594,151367,553.3609981427594
2018-11-05,569.8278198242188,571.8984625985154,550.2057622930545,550.2057622930545,140781,550.2057622930545
2018-11-06,571.5533447265625,582.6462022394619,565.587804317987,565.587804317987,259120,565.587804317987
2018-11-07,569.6798095703125,580.7726660959136,567.7077461879834,580.7726660959136,34093,580.7726660959136
2018-11-09,566.8203125,580.5754670870879,563.1226935347936,571.8983999519236,531454,571.8983999519236
2018-11-12,567.0174560546875,574.6099113644906,562.4817347956324,564.0100717297101,359942,564.0100717297101
2018-11-13,564.1581420898438,567.6092535344978,553.0159341367319,563.319978915149,110885,563.319978915149
2018-11-14,574.8565673828125,576.8286310788085,564.0595066107132,567.9543444468268,431328,567.9543444468268
2018-11-15,570.9617309570312,575.8426006531989,568.4966513309473,575.8426006531989,156975,575.8426006531989
2018-11-16,569.2361450195312,573.7719274004571,559.0800295353916,573.7719274004571,64388,573.7719274004571
2018-11-19,560.8056030273438,575.7440093172906,558.1925946061297,575.7440093172906,438124,575.7440093172906
2018-11-20,557.6503295898438,564.0102473879964,554.1499283777167,564.0102473879964,282576,564.0102473879964
2018-11-21,552.375,562.2846070799254,550.3042972093904,558.1432616813082,215124,558.1432616813082
2018-11-22,564.7003784179688,571.4053820814555,552.1777635299655,552.1777635299655,588100,552.1777635299655
2018-11-26,560.2632446289062,566.9189588492487,552.2763514549346,558.4390498071036,53829,558.4390498071036
2018-11-27,562.5311889648438,565.9823005535851,555.3824578167366,559.0800773761024,52652,559.0800773761024
2018-11-28,561.0028076171875,575.8425742492473,558.0940017552635,560.0660653657062,120739,560.0660653657062
2018-11-29,563.6651000976562,566.4752666424228,557.1079645830615,564.5032030509783,150064,564.5032030509783
2018-11-30,563.4185180664062,569.6305055261386,561.150597088364,563.6650259829241,40722,563.6650259829241
2018-12-03,561.3971557617188,564.0101639860939,554.1498464338894,557.3051600871153,63727,557.3051600871153
2018-12-04,561.8901977539062,569.9263810054858,557.2558964350668,561.0520947960579,288155,561.0520947960579
2018-12-05,564.7990112304688,566.968293258588,557.1079751149604,557.1079751149604,85850,557.1079751149604
2018-12-06,559.8687744140625,569.9263095604728,555.1358343988687,564.9961511732714,76272,564.9961511732714
2018-12-07,554.6920776367188,563.9115094238947,551.5367644057205,560.0659620200853,103784,560.0659620200853
2018-12-10,554.5935668945312,562.0380945311872,547.2476183593138,550.2057135936885,114905,550.2057135936885
2018-12-11,554.7907104492188,558.0446027316219,548.3815049725544,548.3815049725544,104981,548.3815049725544
2018-12-12,562.2846069335938,564.010162500685,554.9386583400277,559.8195275520349,72595,559.8195275520349
2018-12-13,563.024169921875,566.9682972067918,554.3963914861195,566.9190076522516,151320,566.9190076522516
2018-12-14,559.0800170898438,566.771052907469,542.8104927829964,563.024144194534,98357,563.024144194534
2018-12-17,581.5615234375,585.7028688904174,559.0800112135803,559.0800112135803,230206,559.0800112135803
2018-12-18,579.392333984375,598.6693062285293,568.2994748486602,589.6470900584363,413782,589.6470900584363
2018-12-19,574.90576171875,582.6954361007964,569.5812267310127,582.6954361007964,155299,582.6954361007964
2018-12-20,584.174560546875,587.6749614518877,567.6092380995175,572.4900474352899,134271,572.4900474352899
2018-12-21,589.1539306640625,597.0914736766571,569.2360786285236,584.8647169155306,2025095,584.8647169155306
2018-12-24,571.3561401367188,581.3643268250105,568.4966238357182,576.7300254981964,144403,576.7300254981964
2018-12-26,566.8203125,575.8425268481437,562.1860115430216,567.9542730557034,81515,567.9542730557034
2018-12-27,582.3502807617188,596.5491608957473,532.8021892988901,536.4012289707215,926443,536.4012289707215
2018-12-28,590.4358520507812,596.5492614776522,579.0471963681839,591.6191022918865,519520,591.6191022918865
2018-12-31,589.4990234375,597.3379874313815,586.6888571862021,586.6888571862021,169943,586.6888571862021
2019-01-01,590.4850463867188,593.393851873779,583.9279718365839,586.93535641842,40902,586.93535641842
2019-01-02,593.2952880859375,595.5631489676721,585.1112369826698,585.1112369826698,115282,585.1112369826698
2019-01-03,591.6683349609375,594.577140637392,581.7587279868346,590.04141869562,415471,590.04141869562
2019-01-04,594.42919921875,606.4095087077231,591.6190328855836,594.5771280500115,119061,594.5771280500115
2019-01-07,594.0347900390625,600.3453566006244,589.3511396190905,594.4291665964494,316222,594.4291665964494
2019-01-08,603.9444580078125,618.1433395425885,591.6190609056123,591.6190609056123,214725,591.6190609056123
2019-01-09,633.9691162109375,640.674119974069,606.4095171743785,606.4095171743785,304725,606.4095171743785
2019-01-10,625.8836669921875,639.343024746904,622.1860478488701,633.1309764400482,165683,633.1309764400482
2019-01-11,629.581298828125,634.0184418895606,621.2000286009691,626.1301875581196,171998,626.1301875581196
2019-01-14,611.438232421875,627.7571051849366,609.6140978519286,624.1580654108707,366016,624.1580654108707
2019-01-15,615.185302734375,622.3340337334048,611.3397543997845,615.283881847525,68669,615.283881847525
2019-01-16,612.72021484375,621.4958621874509,609.3676824851896,613.8048258042566,440003,613.8048258042566
2019-01-17,614.6428833007812,624.7004194492984,609.3676373739029,612.8187485888036,377003,612.8187485888036
2019-01-18,611.5369873046875,620.707071801532,606.4096094645627,618.2419920882614,107504,618.2419920882614
2019-01-21,609.0225219726562,635.6946682267288,603.9444344912406,616.2698311135108,427431,616.2698311135108
2019-01-22,611.2410888671875,621.0027668106392,603.1556167059505,611.3396679664,95583,611.3396679664
2019-01-23,611.339599609375,620.1153050316437,603.6485650701628,614.2976944461946,159259,614.2976944461946
2019-01-24,609.6141357421875,620.6084139414322,606.508111624524,611.3396913225334,129335,611.3396913225334
2019-01-25,610.9453125,624.1581634130672,607.0505348238408,618.68569866137,222746,618.68569866137
2019-01-28,590.8795776367188,615.7275919368118,586.9354502932947,612.3257700665871,285382,612.3257700665871
2019-01-29,597.6338500976562,609.3183630409476,587.3791554839471,591.7176592957685,302014,591.7176592957685
2019-01-30,591.5697631835938,607.7899975825933,587.6749257165692,598.5212750167071,260752,598.5212750167071
2019-01-31,586.6889038085938,599.2608088902065,585.4070745426754,592.1120785496815,780410,592.1120785496815
2019-02-01,582.6954345703125,595.5631359851272,579.8852081667842,591.6190092567489,546770,591.6190092567489
2019-02-04,581.5122680664062,590.6330624362481,563.1227504801149,585.7029033174147,146249,585.7029033174147
2019-02-05,575.8425903320312,585.7029086596345,573.8705266665106,581.5122733704031,53619,581.5122733704031
2019-02-06,571.3067626953125,581.7586741234755,566.9681993576245,576.8285158681919,690808,576.8285158681919
2019-02-07,569.1868286132812,576.236979710289,567.0175467232325,571.8984159301916,570245,571.8984159301916
2019-02-08,569.4826049804688,575.7932320297163,566.968236143656,569.1868075024789,130409,569.1868075024789
2019-02-11,558.9320678710938,571.0109566887979,553.2130958143337,567.9542823671542,339881,567.9542823671542
2019-02-12,566.6724243164062,577.4694833591287,554.2483889120385,561.890134510036,288095,561.890134510036
2019-02-14,560.6082763671875,566.4751766562824,557.009296994072,561.9394551895139,24238,561.9394551895139
2019-02-15,560.9041748046875,567.7571079666376,554.1498809339619,560.6083772962262,72417,560.6083772962262
2019-02-18,559.523681640625,564.1086927839686,555.4316261483299,561.5450345220515,33962,561.5450345220515
2019-02-19,554.5935668945312,565.637134472717,553.0652297266247,565.637134472717,91484,565.637134472717
2019-02-20,553.7554321289062,563.1227341836044,548.2336781486523,556.7135275146004,1156061,556.7135275146004
2019-02-21,554.05126953125,557.7981781794442,552.1777851158516,554.1498486341226,97421,554.1498486341226
2019-02-22,552.0298461914062,562.0380924367861,548.9731718669835,557.3544416664795,207746,557.3544416664795
2019-02-25,553.1637573242188,556.95995511517,547.5926544118188,555.1358206301875,256241,555.1358206301875
2019-02-26,551.586181640625,556.1219035897705,547.247617894189,553.1638083579099,205333,553.1638083579099
2019-02-27,555.431640625,558.044648684464,553.2623588639013,555.1358431536225,91914,555.1358431536225
2019-02-28,570.4686279296875,573.8704493307971,557.1079104328185,557.1079104328185,232357,557.1079104328185
2019-03-01,599.4087524414062,613.4103557887108,508.34868003505375,573.8212153166157,11513018,573.8212153166157
2019-03-05,599.2607421875,608.3815350550185,587.7734492596949,590.6329651506582,967319,590.6329651506582
2019-03-06,599.4580078125,613.1145233257698,593.5911069284314,599.507297362934,594253,599.507297362934
2019-03-07,583.829345703125,603.8458373662723,581.7587032054333,601.4793372123971,326651,601.4793372123971
2019-03-08,578.9486083984375,588.0694027525376,577.223052709824,578.8006795520853,195823,578.8006795520853
2019-03-11,613.7554931640625,617.6503307294672,579.1950913303602,581.5122419390598,693313,581.5122419390598
2019-03-12,614.19921875,626.031600089097,603.4514482939455,614.2977978547843,398863,614.2977978547843
2019-03-13,606.7546997070312,612.8188199062597,601.6766715808498,609.367708289732,253418,609.367708289732
2019-03-14,606.3109130859375,612.2763928017808,602.4653654039367,610.3536189607804,233675,610.3536189607804
2019-03-15,606.4588012695312,611.093162420007,602.4653848142385,604.5360273665827,505837,604.5360273665827
2019-03-18,602.2681274414062,612.2270833425933,597.584477044353,607.4447936697284,91435,607.4447936697284
2019-03-19,603.352783203125,614.0512023995125,593.5910459165099,604.4373939315956,1038136,604.4373939315956
2019-03-20,604.28955078125,611.339702063573,599.1128839492601,605.2755825587719,816543,605.2755825587719
2019-03-22,606.9025268554688,610.3536378936395,596.5491937409563,601.4793523669146,741217,601.4793523669146
2019-03-25,602.5147705078125,608.3323826947777,593.6404835543733,593.6404835543733,93192,593.6404835543733
2019-03-26,601.0849609375,609.2690730199151,598.3240839352586,603.4514613294812,167512,603.4514613294812
2019-03-27,610.057861328125,612.1285039489783,598.9650040394058,598.9650040394058,302382,598.9650040394058
2019-03-28,607.5927124023438,616.0725604863098,605.0289940127618,611.3396206212451,89907,611.3396206212451
2019-04-01,589.84423828125,591.5205043876742,575.2509795915557,576.7300273002938,953998,576.7300273002938
2019-04-02,592.7530517578125,595.4646392586577,582.7940942815081,591.6190910935076,687704,591.6190910935076
2019-04-03,595.5231323242188,608.433788441273,588.6473237765161,593.5939399427053,999883,593.5939399427053
2019-04-04,588.3505249023438,597.4523105085469,583.7006937399196,597.4523105085469,1064749,597.4523105085469
2019-04-05,605.564697265625,607.3455273050698,589.7355263087481,591.6152645132753,855081,591.6152645132753
2019-04-08,613.1824951171875,621.2949572729278,604.0312556987566,604.4764632066225,1180323,604.4764632066225
2019-04-09,611.599609375,622.7789493679721,608.4337630838806,622.7789493679721,391977,622.7789493679721
2019-04-10,614.7159423828125,619.8109809848492,610.4124106427006,614.3697034183422,471405,614.3697034183422
2019-04-11,618.2774658203125,622.9767504115313,614.9137432226764,618.2280117434184,1717441,618.2280117434184
2019-04-12,618.5248413085938,620.6518498367333,613.6771337527074,620.6023957562635,201752,620.6023957562635
2019-04-15,616.694580078125,620.80029542838,611.5501478491001,620.2067256737986,137884,620.2067256737986
2019-04-16,611.1049194335938,619.316289469672,608.5326430235921,619.316289469672,382679,619.316289469672
2019-04-18,608.3348388671875,614.7654394455574,605.2184467411953,614.3696860257985,322285,614.3696860257985
2019-04-22,609.7198486328125,618.0301872920672,598.787839841687,611.2532874470756,427291,611.2532874470756
2019-04-23,593.791748046875,612.2921024472025,591.6152251085733,611.4016874867865,1108991,611.4016874867865
2019-04-24,603.7838745117188,608.433705148085,593.8411894555089,595.572504876662,222954,595.572504876662
2019-04-25,607.7907104492188,613.0836260316806,601.5579860922952,603.0914250429155,225934,603.0914250429155
2019-04-26,630.4461059570312,637.9154828171337,618.3268987416941,618.3268987416941,2193690,618.3268987416941
2019-04-30,633.0183715820312,637.866079003543,628.3190867813072,628.3190867813072,798810,628.3190867813072
2019-05-02,643.5546875,650.974610876249,633.1173406941078,633.1173406941078,1022283,633.1173406941078
2019-05-03,657.0590209960938,658.8892447447644,642.0212964267214,643.0600736998451,809596,643.0600736998451
2019-05-06,652.9532470703125,660.6699551862636,645.2365389543613,652.9532470703125,510425,652.9532470703125
2019-05-07,655.0308837890625,658.147276104399,650.974682715813,650.974682715813,400330,650.974682715813
2019-05-08,643.6041870117188,654.3383798171895,643.0106172531147,648.0561413517355,290783,648.0561413517355
2019-05-09,645.2859497070312,649.4905726066171,634.1560655610687,644.098749988098,347971,644.098749988098
2019-05-10,635.1948852539062,660.8678318150357,632.3753385679717,643.1589241444403,758566,643.1589241444403
2019-05-13,613.3803100585938,638.9542875423186,602.0030946300876,632.9688949805414,324189,632.9688949805414
2019-05-14,609.0272827148438,632.1280135767987,588.3010118551489,611.8963438888993,1232277,611.8963438888993
2019-05-15,622.1359252929688,642.6643835119592,610.1651376656567,617.3377315012077,552190,617.3377315012077
2019-05-16,624.2135009765625,641.773988222735,619.3163389354373,625.9942707051086,363954,625.9942707051086
2019-05-17,623.0262451171875,639.0532920027758,616.6945528911427,628.0717689591819,387017,628.0717689591819
2019-05-20,638.8059692382812,650.6778470235361,629.2095226185018,636.9756851829587,523465,636.9756851829587
2019-05-21,652.656494140625,656.9105716089846,639.152208989543,643.0600475087952,396784,643.0600475087952
2019-05-22,652.6070556640625,660.4226725059498,645.8796097763186,652.656509746047,361789,652.656509746047
2019-05-23,664.2315673828125,676.5981063914031,657.8998752570177,657.8998752570177,528882,657.8998752570177
2019-05-24,678.6756591796875,682.6329516530385,658.0482963157422,668.7329739170915,541134,668.7329739170915
2019-05-27,691.43798828125,696.4835122993389,674.2237409545447,674.7184025399846,1669747,674.7184025399846
2019-05-28,691.28955078125,696.3845891550743,677.785265635847,692.5262047182468,373366,692.5262047182468
2019-05-29,672.73974609375,695.4941786822151,670.8105538628118,680.8027539687122,1286226,680.8027539687122
2019-05-30,672.6408081054688,679.2692246500939,666.8037775903763,672.7397162632876,550276,672.7397162632876
2019-05-31,686.8375854492188,688.5689009328862,669.1286772057376,677.5874383041637,650980,677.5874383041637
2019-06-03,688.173095703125,693.5154643752451,679.1702800194091,679.6649415489206,167500,679.6649415489206
2019-06-04,690.943359375,692.5262523698751,680.1597121489846,682.8803509975804,410079,682.8803509975804
2019-06-06,688.9151611328125,692.8724537890124,682.1383216124676,689.5582453428426,1320152,689.5582453428426
2019-06-07,690.9927368164062,694.5048217728901,686.6396909880802,691.4379442916767,680274,691.4379442916767
2019-06-10,691.6358032226562,692.5262182280615,687.7280250123075,689.5582487213698,449355,689.5582487213698
2019-06-11,693.5155029296875,697.472795385777,686.6396952105338,688.0742258025643,402010,688.0742258025643
2019-06-12,692.476806640625,694.5049071846213,687.8269753847691,692.4273525558442,387860,692.4273525558442
2019-06-13,691.883056640625,701.4300483062275,686.5902024323299,692.5261407818889,437375,692.5261407818889
2019-06-14,692.0809936523438,693.515524288555,688.5689085660974,692.4767470635375,375865,692.4767470635375
2019-06-17,692.5261840820312,699.4514459228516,690.8443227011338,693.9112606035918,486849,693.9112606035918
2019-06-18,696.532958984375,700.4407975445497,691.6853117286403,693.4660813406141,1561472,693.4660813406141
2019-06-19,688.86572265625,701.4301392010066,678.9230367090138,698.462169641623,358961,698.462169641623
2019-06-20,690.9927368164062,697.4727910967059,682.6823985563259,688.9646365218302,1024232,688.9646365218302
2019-06-21,692.476806640625,703.4088162510908,687.4807364078056,697.4728768734444,3605899,697.4728768734444
2019-06-24,703.0130004882812,705.783153592425,691.4874221151182,697.6212376716625,376039,697.6212376716625
2019-06-25,667.1500854492188,677.6369477515165,662.3518920129791,667.7931696919505,3513192,667.7931696919505
2019-06-26,709.7899169921875,736.0564349531306,685.3536227335769,688.0742614380408,6255032,688.0742614380408
2019-06-27,719.1884155273438,730.1204233394001,698.4620852000222,698.4620852000222,4196283,698.4620852000222
2019-06-28,715.9732666015625,727.0041848939883,709.3447885785911,717.2593747830941,1184510,717.2593747830941
2019-07-01,728.04296875,731.1098465238327,708.404866953599,717.0614449740098,610864,717.0614449740098
2019-07-02,741.7944946289062,744.6635559514772,732.0991397201224,732.0991397201224,1257045,732.0991397201224
2019-07-03,748.8186645507812,752.7759568768344,733.2862800943253,741.9923111349442,554389,741.9923111349442
2019-07-04,749.3134155273438,754.1116088919855,744.515161779206,751.8856316928947,271994,751.8856316928947
2019-07-05,745.5044555664062,768.2094341780519,737.6393243632226,751.4898486111206,1195407,751.4898486111206
2019-07-08,751.09423828125,760.0970558803016,731.7034659689459,740.8052521250478,787426,740.8052521250478
2019-07-09,750.8963012695312,754.853594029845,739.617992749239,746.9390085092175,594218,746.9390085092175
2019-07-10,734.0283813476562,750.2037919777063,732.0991889756829,743.7731909934605,459594,743.7731909934605
2019-07-11,746.048583984375,753.864261239866,736.0564440452234,736.0564440452234,292405,736.0564440452234
2019-07-12,772.3646240234375,780.8727792766514,745.3065986339408,747.9283292323995,1817841,747.9283292323995
2019-07-15,775.1842041015625,786.4130589821918,757.8215935071773,772.166780329441,585738,772.166780329441
2019-07-16,767.5662841796875,779.9823370873421,761.9766450317024,774.6399683248101,440957,774.6399683248101
2019-07-17,757.0794677734375,784.6320906994157,748.9175525703916,764.746721449026,880172,764.746721449026
2019-07-18,732.9400634765625,766.7254746753318,729.1311933364124,757.8215659371667,424234,757.8215659371667
2019-07-19,736.8972778320312,742.9816389757074,724.0360776899751,737.3919393759564,577254,737.3919393759564
2019-07-22,754.0126953125,755.8429190652151,727.6472080791436,741.200947893007,409528,741.200947893007
2019-07-23,767.665283203125,771.672029742397,755.8428599015273,755.8428599015273,708849,755.8428599015273
2019-07-24,764.2521362304688,799.8677697635392,747.1368577482197,774.1453677674327,8522595,774.1453677674327
2019-07-25,788.8862915039062,791.458507499884,760.8389444142839,761.6799053085978,892300,761.6799053085978
2019-07-26,786.61083984375,798.383809892716,774.6400534646798,790.568132581756,848649,790.568132581756
2019-07-29,788.8367309570312,796.8502841074159,773.947430731212,784.5331997273071,655785,784.5331997273071
2019-07-30,788.8862915039062,796.4051231717583,773.551782921096,789.4798612311344,629929,789.4798612311344
2019-07-31,789.03466796875,791.4585217683642,766.7254429631029,774.6400281807865,490133,774.6400281807865
2019-08-01,768.7041015625,795.0200736788096,744.5151380273674,781.9115417023577,789834,781.9115417023577
2019-08-02,783.19775390625,794.4265483376989,749.2144649546074,749.2144649546074,941917,749.2144649546074
2019-08-05,781.9610595703125,786.5119220096751,765.8845580198002,781.5653061479791,538695,781.5653061479791
2019-08-06,778.795166015625,791.507943854245,771.7709356887746,779.6855205865278,700080,779.6855205865278
2019-08-07,778.1520385742188,793.0413385085775,773.8979615049001,781.8125459626044,487084,781.8125459626044
2019-08-08,804.2208251953125,818.1702576721167,774.936823273445,786.5119163837155,1081958,786.5119163837155
2019-08-09,793.140380859375,806.1004899616258,786.6108118439909,801.89586657716,714830,801.89586657716
2019-08-13,763.0155639648438,793.1404692962983,753.5675389123842,788.7379687143879,432634,788.7379687143879
2019-08-14,803.4788818359375,808.0791986049447,767.7148230765866,771.6721159790433,1042108,771.6721159790433
2019-08-16,826.4310913085938,829.9432368918485,792.5467725145875,792.5467725145875,1340618,792.5467725145875
2019-08-19,840.8258056640625,849.6307458493609,824.1556736362775,828.2613890395513,999684,828.2613890395513
2019-08-20,844.733642578125,853.2418588561152,822.6717459259932,840.924772175202,1032233,840.924772175202
2019-08-21,820.5940551757812,847.8498944311464,815.4001089146802,843.3979404930599,469687,843.3979404930599
2019-08-22,806.4962768554688,828.7065945556755,796.9492839151285,817.3788319493923,451114,817.3788319493923
2019-08-23,812.4816284179688,821.1876599699804,803.5777201613336,806.2489047150226,545349,806.2489047150226
2019-08-26,818.2692260742188,830.4874042947798,809.4148314000754,829.0528735228437,606859,829.0528735228437
2019-08-27,825.3428344726562,837.9567045829665,818.1702416648327,818.1702416648327,851189,818.1702416648327
2019-08-28,819.604736328125,832.8121755928671,812.7783827676013,831.031406085097,538964,831.031406085097
2019-08-29,826.1837768554688,830.8336079535327,813.5204520229194,818.9617296011121,338992,818.9617296011121
2019-08-30,829.7453002929688,837.9566699882929,801.351715100965,831.0314082528525,6692265,831.0314082528525
2019-09-03,802.5390014648438,839.5891678223444,787.8475155399553,823.9083586856856,592127,823.9083586856856
2019-09-04,817.5767211914062,821.1382605778634,803.3304428785844,807.2877357006465,423307,807.2877357006465
2019-09-05,822.3749389648438,826.0849010955122,811.9375909139294,822.6717238585976,332593,822.6717238585976
2019-09-06,826.6290283203125,828.0635591075331,812.5311720272631,825.5902509859454,308380,825.5902509859454
2019-09-09,798.1859130859375,826.0848382632638,792.5467589995375,824.1061919440704,640219,824.1061919440704
2019-09-11,791.1123657226562,805.1607076494381,786.5119884293864,803.3304837794487,579309,803.3304837794487
2019-09-12,784.3848876953125,790.4197955433424,775.8272781065403,780.5265633827987,3737190,780.5265633827987
2019-09-13,789.7767333984375,799.1258501284506,783.7913398505293,788.6390478982394,3681750,788.6390478982394
2019-09-16,787.9464721679688,790.2219034439094,776.6187094879109,777.5091245184291,2172276,777.5091245184291
2019-09-17,789.6777954101562,793.4372115177055,785.4731717830363,787.3033955614428,1013597,787.3033955614428
2019-09-18,794.3770751953125,798.3838220769923,789.5788214471561,793.536114245555,715018,793.536114245555
2019-09-19,793.2887573242188,796.4051494537397,790.4692104516,795.4158262867164,456281,795.4158262867164
2019-09-20,807.43603515625,816.6861815632627,791.8046825869532,795.4157358895981,1918256,795.4157358895981
2019-09-23,783.2471313476562,813.2236100047081,780.5759468293365,813.2236100047081,1590491,813.2236100047081
2019-09-24,786.6603393554688,795.069586263873,778.5973314016601,783.5439472301331,976843,783.5439472301331
2019-09-25,788.0453491210938,791.3596179291983,768.8030016287939,784.8300488588468,1031592,784.8300488588468
2019-09-26,807.6834716796875,814.9055188471604,789.7272317342731,789.7272317342731,1672809,789.7272317342731
2019-09-27,833.5047607421875,838.5997991600624,810.6019054775952,810.6019054775952,1994366,810.6019054775952
2019-09-30,837.3632202148438,842.5076527912198,827.3215651067848,833.8016202963922,961777,833.8016202963922
2019-10-01,818.8133544921875,839.935380242412,795.4158371200227,836.9674107009193,759109,836.9674107009193
2019-10-03,821.78125,827.2225270025357,811.2943890013828,819.0606114987321,455628,819.0606114987321
2019-10-04,815.4496459960938,835.7802256394064,813.2731228836755,822.1275775829589,569471,822.1275775829589
2019-10-07,819.0606079101562,827.0741007617488,812.283708533869,815.2022237173218,341633,815.2022237173218
2019-10-09,828.310791015625,834.8898139868825,817.1809057974396,817.1809057974396,506576,817.1809057974396
2019-10-10,818.3681030273438,838.9460119996945,797.0976557891439,826.2826880462088,5286384,826.2826880462088
2019-10-11,830.6356811523438,833.8015272654624,822.1275263328615,823.1168494692428,384745,823.1168494692428
2019-10-14,819.8521728515625,838.5503456701483,813.2236951332657,837.0663608250146,366115,837.0663608250146
2019-10-15,829.102294921875,834.9887800331682,820.1489320467967,820.1489320467967,394890,820.1489320467967
2019-10-16,867.982666015625,882.970936314872,823.1168840492701,827.5688383500172,3634345,827.5688383500172
2019-10-17,893.2598876953125,918.5865359382751,870.6043636248595,870.6043636248595,3687636,870.6043636248595
2019-10-18,916.063720703125,920.0704671122386,889.4014515418306,896.1288364289643,1819540,896.1288364289643
2019-10-22,978.5889892578125,986.8498131644897,919.2790560791482,919.2790560791482,2040975,919.2790560791482
2019-10-23,975.4231567382812,1001.4917971843395,959.7918632866537,983.3871958959514,1357514,983.3871958959514
2019-10-24,959.2972412109375,983.3377822972337,944.457393579459,980.8150202765812,982596,980.8150202765812
2019-10-25,971.6637573242188,989.3231514237352,954.9441719117603,963.6007494867181,975234,963.6007494867181
2019-10-27,983.3377685546875,988.3338384440975,966.7171515164104,979.4299299896462,150914,979.4299299896462
2019-10-29,1003.5198974609375,1009.1095973250071,970.5259950743451,987.8391499304114,880342,987.8391499304114
2019-10-30,989.125244140625,1019.0028144667363,965.6782740999834,1005.1522907749554,7610404,1005.1522907749554
2019-10-31,980.9139404296875,1002.4811738410037,976.4619860858312,995.2591266487802,849468,995.2591266487802
2019-11-01,986.849853515625,998.2270698719456,982.6946841609657,982.6946841609657,655253,982.6946841609657
2019-11-04,988.0369873046875,992.3899726937017,979.1330794474212,992.2910645375724,875743,992.2910645375724
2019-11-05,959.445556640625,992.2910965389516,955.785048993444,989.3231271574791,1230007,989.3231271574791
2019-11-06,958.604736328125,969.5367457210353,931.4972562229341,964.0460139826819,1420970,964.0460139826819
2019-11-07,975.9178466796875,980.419254996768,957.8626989463969,963.0071914731292,1351432,963.0071914731292
2019-11-08,971.7131958007812,1011.0882445184409,966.0740418515239,995.2590743498547,5656687,995.2590743498547
2019-11-11,959.5939331054688,971.5152641375877,958.109948486114,971.5152641375877,2078020,971.5152641375877
2019-11-13,977.5997314453125,990.2630561629629,955.884075412678,973.9886776591507,4039409,973.9886776591507
2019-11-14,989.2241821289062,1002.1842904582379,974.3843357746381,988.3337671942544,3441700,988.3337671942544
2019-11-15,992.1427612304688,1015.0456177931376,984.8218056753143,997.4356766566617,2687762,997.4356766566617
2019-11-18,989.37255859375,1002.1843048739202,985.3658120971614,994.170811880743,2144563,994.170811880743
2019-11-19,926.5505981445312,959.6434700919258,920.0705434901969,944.7541685347242,60449782,944.7541685347242
2019-11-20,929.6669921875,938.5709006912748,926.1053925558937,929.963777060927,2976893,929.963777060927
2019-11-21,919.6748046875,935.3556133327521,906.2200335824682,932.3876437904514,2642185,932.3876437904514
2019-11-22,932.5855102539062,935.6523879271797,921.0598711712443,921.0598711712443,3125980,921.0598711712443
2019-11-25,941.43994140625,944.2100946978802,933.4264475678106,933.4264475678106,3604001,933.4264475678106
2019-11-26,948.7114868164062,967.508627459875,927.8367312401408,947.1780479458749,43473998,947.1780479458749
2019-11-27,938.0762329101562,954.8947266395053,933.1296171074065,953.7075267701466,1542111,953.7075267701466
2019-11-28,960.78125,962.3146888835668,938.0762704793638,943.6659103302353,1885171,943.6659103302353
2019-11-29,949.7996826171875,959.6434600834015,944.8530668435618,959.6434600834015,1071258,959.6434600834015
2019-12-02,933.7726440429688,948.9093367566129,928.2819125603204,948.9093367566129,643539,948.9093367566129
2019-12-03,953.1138916015625,955.6861074890274,935.9985537921206,935.9985537921206,1612054,935.9985537921206
2019-12-04,961.8694458007812,964.5900845006549,949.7996911282794,952.5203298281531,1122303,952.5203298281531
2019-12-05,956.0819702148438,964.0954640282267,944.8036615156044,958.6541863964615,814043,958.6541863964615
2019-12-06,953.9053955078125,963.6007503234857,935.1082556144386,960.6327808666372,1235405,960.6327808666372
2019-12-09,931.9423828125,954.4989379631106,928.3808437194793,954.4989379631106,861577,954.4989379631106
2019-12-10,939.7086181640625,957.6648584126991,936.8890711950683,939.8570407975869,1610114,939.8570407975869
2019-12-11,956.2302856445312,961.5726548475326,914.629258955333,939.8569994673513,1616587,939.8569994673513
2019-12-12,950.1459350585938,960.6327358277248,945.4466503055745,960.6327358277248,862822,960.6327358277248
2019-12-13,964.4911499023438,972.2078582901461,952.9655112090195,954.5979185375992,1119572,954.5979185375992
2019-12-16,959.1983032226562,969.3388660939041,953.608663333481,963.4029268521981,526157,963.4029268521981
2019-12-17,962.1661987304688,968.0032293552678,957.6647905622721,964.5900524774952,822269,964.5900524774952
2019-12-18,954.4495239257812,966.1729792836773,948.7609157240987,964.5900863722588,628845,964.5900863722588
2019-12-19,959.3961181640625,964.6395187465746,955.1420407247977,958.258372395931,906299,958.258372395931
2019-12-20,982.1505737304688,997.2872061041111,961.6221180216727,961.6221180216727,10219499,961.6221180216727
2019-12-23,986.1574096679688,1000.898350338218,977.0061695484482,991.3019026767236,1347986,991.3019026767236
2019-12-24,984.1292114257812,989.224249842906,974.4833106352295,987.3445116892985,716972,987.3445116892985
2019-12-26,980.4192504882812,989.0263740475713,977.55018917402,987.5918433904407,335933,987.5918433904407
2019-12-27,978.0943603515625,980.9139071870538,967.1128371121107,977.4512761480678,438117,977.4512761480678
2019-12-30,965.9255981445312,980.8644133951601,962.413513166733,978.3416515313045,390678,978.3416515313045
2019-12-31,951.3331909179688,969.5367624479414,947.9200740916594,965.5794695399907,403539,965.5794695399907
2020-01-01,965.9752197265625,969.5367591783082,951.3331877097247,954.6969108235382,349251,954.6969108235382
2020-01-02,959.0003662109375,965.2826044102018,955.6861578294189,965.2826044102018,335765,965.2826044102018
2020-01-03,964.68896484375,972.3067650604115,958.65411787328,959.6434410083401,451217,959.6434410083401
2020-01-06,972.6036376953125,992.3901021821137,947.771648917776,955.7851428815314,895840,955.7851428815314
2020-01-07,974.3843994140625,992.2911243643488,969.5366918016568,979.4299233506533,570304,979.4299233506533
2020-01-08,977.2039794921875,981.7053879233998,964.7879855525597,967.558078403806,368547,967.558078403806
2020-01-09,977.9459228515625,987.3444926715825,969.2893453857546,986.1572928281447,614382,986.1572928281447
2020-01-10,978.4406127929688,986.3551981340645,972.8014586607392,978.4406127929688,351231,978.4406127929688
2020-01-13,979.281494140625,987.2950478715356,969.536685283772,982.3978862110058,332236,982.3978862110058
2020-01-14,977.25341796875,983.3872337165177,973.4940019889874,982.3979105437647,369532,982.3979105437647
2020-01-15,987.492919921875,991.3017898712768,970.5260038560104,977.4512658610993,533340,977.4512658610993
2020-01-16,989.2241821289062,992.2910595553925,981.4085055622626,989.3230902845389,465355,989.3230902845389
2020-01-17,985.712158203125,999.0185674823088,974.7306947024289,989.1253353615025,372188,989.1253353615025
2020-01-20,971.0206909179688,990.312492724286,965.0847519006404,989.3231695547313,341082,989.3231695547313
2020-01-21,962.3641357421875,976.4619912387963,959.8413736773882,969.536728889585,355550,969.536728889585
2020-01-22,971.2185668945312,982.0021532044311,961.6221200804046,969.5367054308606,1299987,969.5367054308606
2020-01-23,975.4231567382812,993.2804272429933,969.7345487137322,974.8790410908924,1151390,974.8790410908924
2020-01-24,989.125244140625,1009.1095832583213,966.5686890621372,975.4725971497106,1388247,975.4725971497106
2020-01-27,981.5570068359375,1003.8662322328981,976.8082073152368,989.1252928530026,740311,989.1252928530026
2020-01-28,977.3028564453125,996.248419054412,965.3320703995456,982.3978948570319,578382,982.3978948570319
2020-01-29,997.0398559570312,1001.3434478786795,977.4512697135593,981.4085623034927,538017,981.4085623034927
2020-01-30,987.591796875,1006.1416052310293,978.7373429430239,1003.1736358940647,561770,1003.1736358940647
2020-01-31,983.4862060546875,995.2591767320545,972.6531649129613,994.2698534947463,445170,994.2698534947463
2020-02-03,902.9058227539062,912.0075476867145,847.5037247737074,885.4442445049635,4046967,885.4442445049635
2020-02-04,901.8670043945312,913.0464048542368,886.4335866377194,902.2627578276786,2004591,902.2627578276786
2020-02-05,900.8282470703125,906.0221939820931,888.9069143304489,903.8456708185522,1337410,903.8456708185522
2020-02-06,909.6826171875,915.1238943974307,902.3121477991683,906.3188943952371,1185756,906.3188943952371
2020-02-07,937.185791015625,945.2487986961014,905.7747815696404,910.1772815844374,1642253,910.1772815844374
2020-02-10,942.6270751953125,946.0402521031282,927.9851048080881,941.8356287604475,734151,941.8356287604475
2020-02-11,929.7164306640625,950.1954319557077,925.8085921429658,950.1954319557077,584552,950.1954319557077
2020-02-12,922.8900756835938,938.6697919918408,915.1239131148809,934.6630453138202,925589,934.6630453138202
2020-02-13,917.6466674804688,926.9957832408666,906.2199972770904,926.9957832408666,551572,926.9957832408666
2020-02-14,904.4887084960938,922.4449481914155,897.3161155110276,922.4449481914155,402685,922.4449481914155
2020-02-17,904.6371459960938,909.6332160118112,894.3481607018776,905.7253773479745,355839,905.7253773479745
2020-02-18,906.26953125,911.6119008364695,897.4150762796004,905.2307539369358,901858,905.2307539369358
2020-02-19,928.1829833984375,932.3876067496604,908.2975520249109,908.2975520249109,786366,908.2975520249109
2020-02-20,918.8339233398438,934.9104253632864,911.8592068463724,929.6670244723398,784552,929.6670244723398
2020-02-24,906.8135986328125,931.4477698594993,900.2840898270254,913.7388608622512,493211,913.7388608622512
2020-02-25,891.5780639648438,924.7203905718709,882.2289478154162,913.6399588534194,760359,913.6399588534194
2020-02-26,881.833251953125,905.0328941691618,872.0884421247562,884.2571059846808,807168,884.2571059846808
2020-02-27,895.6837158203125,904.1424773062935,865.6577814955505,881.289075644714,821122,881.289075644714
2020-02-28,880.8934326171875,885.4442953448904,865.657830644446,876.5403862296904,1002851,876.5403862296904
2020-03-02,884.603271484375,899.2946953238942,868.6256793117482,885.592594581541,629219,885.592594581541
2020-03-03,890.242431640625,904.2413786694858,882.5257229803195,893.4082778658385,615494,893.4082778658385
2020-03-04,875.64990234375,902.2627194276336,867.6364089232836,893.2599028499,769392,893.2599028499
2020-03-05,875.0068969726562,891.8253910008447,867.1912197120413,881.8331906716476,1014502,881.8331906716476
2020-03-06,844.83251953125,872.0883603503567,839.2428195571158,855.7645283074968,1436479,855.7645283074968
2020-03-09,816.4883422851562,852.6976039722281,794.4264492336955,827.2719882276522,1424660,827.2719882276522
2020-03-11,800.31298828125,838.8471377251127,775.777785808381,810.25567403613,1305970,810.25567403613
2020-03-12,743.6742553710938,767.4180119748792,692.5262342770736,752.8749489783614,2111588,752.8749489783614
2020-03-13,753.8147583007812,786.5118751206064,618.4258540074729,657.8998703839035,2077130,657.8998703839035
2020-03-16,723.7393188476562,764.5983517674392,654.5361542890242,693.5155095044393,1588572,693.5155095044393
2020-03-17,679.6650390625,760.2948799410935,667.7931606509279,724.1845831058952,1398542,724.1845831058952
2020-03-18,589.8839111328125,689.5087615341636,581.8704180028953,687.6290234501132,2202064,687.6290234501132
2020-03-19,601.2117309570312,613.2814862793125,513.8545029857904,558.9676175207957,2916821,558.9676175207957
2020-03-20,626.7362060546875,673.4817241858383,599.5298198407903,620.3056056768572,2004915,620.3056056768572
2020-03-23,533.4429931640625,610.412313299155,516.6245015496611,563.8646765254061,1652165,563.8646765254061
2020-03-24,540.4178466796875,583.6512864907628,529.2879596771311,545.5128857720363,1108727,545.5128857720363
2020-03-25,581.5735473632812,623.2735392625777,524.3412314431209,524.3412314431209,1610706,524.3412314431209
2020-03-26,611.5501708984375,657.899939473349,588.9935532382679,597.0565616122799,1629666,597.0565616122799
2020-03-27,596.4134521484375,649.9853262508183,578.7540576205917,629.407416278785,1299441,629.407416278785
2020-03-30,615.3590087890625,627.7255483547591,568.8608200220433,592.5056678250528,1301701,592.5056678250528
2020-03-31,634.1561889648438,646.7206060335145,617.4861167312575,631.188219281701,1087481,631.188219281701
2020-04-01,628.319091796875,651.9639386100283,621.2949217710133,635.0465373457747,971706,635.0465373457747
2020-04-03,643.2085571289062,657.8999837402312,620.6024838635209,641.081487915293,1279329,641.081487915293
2020-04-07,727.4492797851562,740.3104803756692,646.0279988926846,657.8998763608504,1916861,657.8998763608504
2020-04-08,734.8692016601562,786.5118806149694,713.3019697149597,733.9788470820076,1443627,733.9788470820076
2020-04-09,731.5550537109375,765.6867041759875,727.2020074692427,746.9390174235579,683512,746.9390174235579
2020-04-13,700.1935424804688,741.9429964401442,692.5262871583584,737.0458341899671,760239,737.0458341899671
2020-04-15,693.4166259765625,717.2098358628359,687.6785033502151,712.3126741513466,1232607,712.3126741513466
2020-04-16,677.9337158203125,690.5475864904461,673.8280004291846,682.6330009719309,1363923,682.6330009719309
2020-04-17,694.9500732421875,713.302005979525,679.6650181802131,696.0383045764146,1777451,696.0383045764146
2020-04-20,692.5261840820312,704.5464841448515,689.5582147216796,695.4941534423828,1360101,695.4941534423828
2020-04-21,664.132568359375,683.7706676337941,659.8784912123648,680.6542757932639,677346,680.6542757932639
2020-04-22,697.2749633789062,701.4301328008287,667.7931447680668,678.5767915554972,954059,678.5767915554972
2020-04-23,709.9878540039062,724.6792801024122,701.4301837441778,704.3981534920375,1219237,704.3981534920375
2020-04-24,671.8988647460938,699.3030686434023,668.7824725622651,693.5155521688577,1016019,693.5155521688577
2020-04-27,706.4756469726562,719.2379399364811,680.802759184057,687.332267910413,3275845,687.332267910413
2020-04-28,712.1642456054688,720.2272534339854,699.0062597828926,716.2699608326998,1002540,716.2699608326998
2020-04-29,705.733642578125,715.2806350976247,700.8365413085248,715.2806350976247,634432,715.2806350976247
2020-04-30,719.0895385742188,733.088485906534,709.1963066456555,727.3504234646664,1925414,727.3504234646664
2020-05-04,680.3081665039062,718.248689517149,668.2878646953639,702.4195172963854,1418017,702.4195172963854
2020-05-05,705.9315185546875,726.855727240148,690.7454324212207,697.4728177354456,4310285,697.4728177354456
2020-05-06,723.3436889648438,741.0030841055493,698.4621860861386,709.2952873096414,3664820,709.2952873096414
2020-05-07,727.3009643554688,734.5724656193123,715.7753250849461,729.1311880962063,1345672,729.1311880962063
2020-05-08,751.9351196289062,760.6411521006037,730.6152157944741,734.0778471489502,2349883,734.0778471489502
2020-05-11,742.4869995117188,762.7186693366044,736.8972997457424,762.7186693366044,1498957,762.7186693366044
2020-05-12,736.6500244140625,747.5325795231709,727.2514540925598,739.0244242276298,1115902,739.0244242276298
2020-05-13,752.3803100585938,771.672112880609,744.9109318118976,757.0795953613923,1752331,757.0795953613923
2020-05-14,738.777099609375,762.2735256096731,733.1873993759056,748.7197856928019,987397,748.7197856928019
2020-05-15,743.9215698242188,746.3948777494383,734.2756689158628,746.3948777494383,1032406,746.3948777494383
2020-05-18,693.2682495117188,741.9924183143619,687.0355252745776,741.9924183143619,1705933,741.9924183143619
2020-05-19,695.4447021484375,712.312649337296,690.5475406075453,701.4300949724206,1496613,701.4300949724206
2020-05-20,708.157470703125,710.0372087672249,692.526177627656,693.5155007385526,1289104,693.5155007385526
2020-05-21,722.6016845703125,735.017678570054,708.404860515759,710.1361761041072,1400397,710.1361761041072
2020-05-22,722.1563720703125,736.0563488393036,715.7752263242421,724.1844722451212,1507444,724.1844722451212
2020-05-26,746.3948364257812,747.9282751778206,723.5909506944785,727.1524897562145,1110985,727.1524897562145
2020-05-27,733.23681640625,746.3453470644843,729.3289782087958,743.9709475465787,682804,743.9709475465787
2020-05-28,740.1126708984375,746.6916944130109,732.0991770329618,737.0457930939954,1134155,737.0457930939954
2020-05-29,760.4432983398438,774.6400620412239,737.4415340455162,739.9642961172271,7090367,739.9642961172271
2020-06-01,766.5275268554688,772.6118880822164,757.7225874834767,767.7147266537963,1712847,767.7147266537963
2020-06-02,771.1773681640625,782.5545839868806,766.0328758892205,775.4314454819834,1388838,775.4314454819834
2020-06-03,798.482666015625,806.1004661164857,776.1239876565448,780.5759416966398,2163284,780.5759416966398
2020-06-04,786.3140869140625,811.7397058655263,780.3781475658685,801.1044812000121,1404467,801.1044812000121
2020-06-05,788.1937866210938,796.6524877016116,774.541138865092,790.3703096856145,1199773,790.3703096856145
2020-06-08,770.9795532226562,799.3731409750792,767.7147987582443,793.4372018094226,1371772,793.4372018094226
2020-06-09,750.401611328125,780.5759674856831,744.465672411884,773.7496135786088,1521206,773.7496135786088
2020-06-10,733.781005859375,751.8856077589779,731.8023595231672,750.896284590874,2283056,750.896284590874
2020-06-11,732.9895629882812,749.5112116696657,727.1525321145085,732.0991479792331,1314357,732.0991479792331
2020-06-12,742.4376220703125,752.7760617896707,720.969296132781,722.2059501570225,4340501,722.2059501570225
2020-06-15,737.342529296875,746.7410991922848,732.7422128939543,739.9148057088723,3316220,739.9148057088723
2020-06-16,755.9417724609375,762.4713412884078,734.4735090460566,742.9816637316645,1883900,742.9816637316645
2020-06-17,763.806884765625,771.1773539130766,756.0407226095692,757.8709461851523,1936475,757.8709461851523
2020-06-18,763.3616943359375,778.0037248014164,759.404401860617,761.1852317813041,951540,761.1852317813041
2020-06-19,767.5662841796875,772.5128995585177,759.0086758044043,770.6826760217459,2912093,770.6826760217459
2020-06-22,769.6439819335938,781.9610676329143,753.3696035041138,772.7603137284974,1164278,772.7603137284974
2020-06-23,788.1443481445312,796.7019575587233,768.7041231922553,768.7041231922553,1506742,768.7041231922553
2020-06-24,772.4140625,801.351765129683,767.269569955802,792.1016176732503,1699063,792.1016176732503
2020-06-25,777.8554077148438,784.483885587015,766.8244292898758,769.6934908771362,735190,769.6934908771362
2020-06-26,775.9755859375,793.437163629629,773.6507006962219,782.6535171775249,986158,782.6535171775249
2020-06-29,778.3995361328125,781.4169600271838,766.0329952677655,771.672149978927,597371,771.672149978927
2020-06-30,797.8396606445312,802.3410688678931,780.5759597247443,780.5759597247443,2052551,780.5759597247443
2020-07-01,796.6524658203125,811.096559643912,793.4371655857071,806.2489124433719,1320983,806.2489124433719
2020-07-02,805.3585205078125,810.6019212714771,793.5856109265271,793.5856109265271,1075581,793.5856109265271
2020-07-03,835.0381469726562,836.9673390862552,810.6018544285463,812.2342616900892,2085479,812.2342616900892
2020-07-06,854.280517578125,865.65773350418,842.3097319310638,843.8926247760749,1836436,843.8926247760749
2020-07-07,859.3755493164062,865.4598502528949,844.5357025686423,857.7431420207558,1104353,857.7431420207558
2020-07-08,841.6666259765625,862.5908336614357,837.0662494155367,860.7110956210513,1688004,860.7110956210513
2020-07-09,831.2787475585938,844.7830322346617,826.1342552827826,841.9139710471446,1180400,841.9139710471446
2020-07-10,851.0158081054688,862.5909013418243,840.9246996331718,840.9246996331718,2062795,840.9246996331718
2020-07-13,853.7365112304688,858.5841589285847,839.0945391974568,858.5841589285847,668624,858.5841589285847
2020-07-14,850.5706176757812,877.0350131661297,846.9595638573446,852.6976867003665,1535913,852.6976867003665
2020-07-15,846.712158203125,861.2057658951354,843.2495273235926,853.7858425818517,772942,853.7858425818517
2020-07-16,855.96240234375,860.21647981646,842.1613323102491,846.9100713584717,630372,846.9100713584717
2020-07-17,865.8556518554688,872.4346147164699,853.3406895814112,858.8809355724323,1228812,858.8809355724323
2020-07-20,845.3271484375,878.6178350566546,841.9139716110274,869.6644729346691,1497333,869.6644729346691
2020-07-21,878.8651733398438,886.3840653148012,834.9887169294702,854.7751794159506,4650668,854.7751794159506
2020-07-22,850.0264892578125,883.2182699062373,846.9595511663778,882.9709391109682,1757409,882.9709391109682
2020-07-23,868.4277954101562,870.6043182825605,850.0264101089433,852.598625986837,937539,852.598625986837
2020-07-24,858.138916015625,867.6363940087318,853.7858700450805,864.5695164273203,784937,864.5695164273203
2020-07-27,858.1884155273438,872.7809326187,847.0585296102076,865.5588853891686,1342666,865.5588853891686
2020-07-28,873.9186401367188,879.409432301342,854.1321757841944,855.7645832466766,1005499,855.7645832466766
2020-07-29,871.692626953125,880.4976273803261,865.2125722215754,865.2125722215754,934883,865.2125722215754
2020-07-30,903.7962036132812,906.2200575469566,872.2368295423443,878.3705851185068,2422578,878.3705851185068
2020-07-31,903.1036376953125,911.908638121322,893.9523983108567,911.908638121322,1271226,911.908638121322
2020-08-03,865.7566528320312,901.2733775953892,863.283344990112,901.2733775953892,1291032,901.2733775953892
2020-08-04,866.4492797851562,873.07775755662,858.7325706052648,871.6926808699864,707018,871.6926808699864
2020-08-05,851.7083129882812,871.2474449484264,849.2844592253875,867.4385146400243,1364739,867.4385146400243
2020-08-06,866.0535278320312,868.6257439225957,850.2738111817955,859.4250505112761,907553,859.4250505112761
2020-08-07,859.3260498046875,874.4132275940736,852.9449638989211,870.5054495226328,827168,870.5054495226328
2020-08-10,856.5064697265625,872.5829700246354,852.5986314235638,870.6043238341034,1090543,870.6043238341034
2020-08-11,851.4114990234375,868.6257463970037,848.3446213387592,858.7325146612746,971871,858.7325146612746
2020-08-12,847.7510375976562,859.2271620683147,841.9140068165063,851.4114849726724,1068002,851.4114849726724
2020-08-13,852.3019409179688,858.7325417490388,845.9702482539782,851.7083711484993,666359,851.7083711484993
2020-08-14,830.3389282226562,857.6442840670294,819.8521267270928,857.6442840670294,1897736,857.6442840670294
2020-08-17,833.3563842773438,838.1051840063144,829.250729173688,835.9781149450672,1435984,835.9781149450672
2020-08-18,851.2631225585938,855.5172000572012,835.5823142892879,836.9179367813987,1170823,836.9179367813987
2020-08-19,854.428955078125,866.2513183090495,851.2631089494852,851.46098565443,1332665,851.46098565443
2020-08-20,843.7442626953125,855.5172328691126,839.9353925479926,851.8072708878935,660128,851.8072708878935
2020-08-21,852.0545043945312,880.2996663096637,849.8285274599737,871.6430893419399,3651529,871.6430893419399
2020-08-24,851.6588745117188,860.612298009223,842.5076346759142,857.545359780098,951781,857.545359780098
2020-08-25,838.84716796875,856.704439706023,828.9044214719019,853.1428399451606,1877987,853.1428399451606
2020-08-26,830.239990234375,845.8712837521608,824.7492588902261,845.8712837521608,2151196,845.8712837521608
2020-08-27,832.2681274414062,836.7695358459654,826.1837657144396,834.9393121113793,945124,834.9393121113793
2020-08-28,842.4580688476562,849.531753125072,834.0488225463739,836.9673377511639,1640185,836.9673377511639
2020-08-31,818.9122924804688,854.7752590795832,809.8105068117183,846.3660117391012,2086032,846.3660117391012
2020-09-01,826.9752197265625,831.0314203630332,809.3157658137534,816.1915735708362,1148605,816.1915735708362
2020-09-02,841.221435546875,855.7644974648839,832.3175274807663,833.9993888588407,2006869,833.9993888588407
2020-09-03,843.2001342773438,854.5278967655806,841.9140262199817,844.7830875955158,888422,844.7830875955158
2020-09-04,825.6396484375,836.7695342211974,824.1062095840006,833.0101182109586,1069706,833.0101182109586
2020-09-07,829.498046875,833.0101321488094,817.1809609915874,826.579531366188,808757,826.579531366188
2020-09-08,835.9779663085938,841.765481921951,821.3359974369274,831.971220085232,1438741,831.971220085232
2020-09-09,821.6328735351562,834.4940744453995,813.223626786151,828.8054663504843,1685144,828.8054663504843
2020-09-10,836.1759643554688,838.9460571845678,824.2051176396014,824.9966244909111,659109,824.9966244909111
2020-09-11,855.1709594726562,857.6442673605533,834.7414121652299,836.9673892643372,1559667,836.9673892643372
2020-09-14,847.9489135742188,866.6471467149612,840.9247428170286,861.7005305807434,1346301,861.7005305807434
2020-09-15,855.4677734375,861.7004974502805,843.9421341345085,852.1040504421604,724917,852.1040504421604
2020-09-16,858.3862915039062,864.1738080224385,852.1040530059869,855.764560892283,823952,855.764560892283
2020-09-17,847.009033203125,857.1495954209137,843.4474336575134,849.2350102753226,612356,849.2350102753226
2020-09-18,839.0449829101562,852.5987228453282,836.027559222743,847.800529472187,1245818,847.800529472187
2020-09-21,831.13037109375,842.7054642612615,826.6784168280528,839.9353714615265,875668,839.9353714615265
2020-09-22,822.9684448242188,831.0314527152702,793.041419294889,831.0314527152702,1265561,831.0314527152702
2020-09-23,824.1062622070312,832.5155097805724,818.3187453833466,824.4525011890129,628723,824.4525011890129
2020-09-24,795.8115234375,823.2652393812269,773.9969008402874,821.7317402739747,14778790,821.7317402739747
2020-09-25,788.5399780273438,804.8143553724838,771.6720309656267,787.5012008315882,2252162,787.5012008315882
2020-09-28,804.3196411132812,807.5349410316308,791.4584414398831,794.4264105952827,1108315,794.4264105952827
2020-09-29,800.46142578125,822.5233827934542,793.5361629589257,810.255750211937,1666687,810.255750211937
2020-09-30,802.7862548828125,805.8531323902689,793.8328927560535,800.7581545708823,701139,800.7581545708823
2020-10-01,810.1567993164062,816.1421926490807,799.0269132245954,808.2770610675018,941061,808.2770610675018
2020-10-05,816.1421508789062,826.0848365353577,806.2983733848101,813.2236354875018,803756,813.2236354875018
2020-10-06,821.1876831054688,827.0741680287839,813.4709744756789,817.1809363537984,1211894,817.1809363537984
2020-10-07,819.110107421875,827.0741466375597,816.2410461569362,823.6115156408714,637342,823.6115156408714
2020-10-08,812.2838745117188,827.0742697617908,809.2664505563935,826.3322772948993,1313341,826.3322772948993
2020-10-09,797.2955322265625,818.4670109149013,794.9211325682948,817.3293255489122,1188895,817.3293255489122
2020-10-12,783.19775390625,804.2208724021107,778.7952534857114,804.2208724021107,1097157,804.2208724021107
2020-10-13,778.1520385742188,786.5118304843664,772.6613076833838,781.5652151983012,1142687,781.5652151983012
2020-10-14,801.9453125,804.9627963814212,768.3578402302052,779.5866337069785,2146398,779.5866337069785
2020-10-15,796.1577758789062,813.0257228935226,793.189806537326,801.9452919415914,1920570,801.9452919415914
2020-10-16,791.0133666992188,802.341129619498,788.1443655977554,793.437220659479,682969,793.437220659479
2020-10-19,789.7767333984375,799.9172966467404,786.5119787708056,791.9532566113584,661678,791.9532566113584
2020-10-20,792.2005004882812,800.6097471372358,781.5652767851916,800.6097471372358,1616359,800.6097471372358
2020-10-21,776.9649658203125,795.415868006448,772.4635572509555,792.4478983497075,1763644,792.4478983497075
2020-10-22,772.4635009765625,779.8834245778681,763.0649310815753,779.8834245778681,1861965,779.8834245778681
2020-10-23,762.471435546875,781.3180312515517,758.8109274706428,774.7885220003798,2252423,774.7885220003798
2020-10-26,770.5343627929688,776.5198165578463,756.9311685700599,766.7254925639531,2638341,766.7254925639531
2020-10-27,766.1813354492188,783.3460681691032,762.8670666239931,782.5546217156218,2566397,782.5546217156218
2020-10-28,762.7681274414062,769.8912660000476,757.8215118289457,768.7040661763589,1156097,768.7040661763589
2020-10-29,753.3695678710938,764.7467839321805,747.186298272677,756.2880831982449,1126591,756.2880831982449
2020-10-30,760.9379272460938,767.417981821228,749.2144116535218,753.369580972617,1156735,753.369580972617
2020-11-02,757.8709716796875,770.1880567252091,754.0621017824843,762.7681332500143,891886,762.7681332500143
2020-11-03,780.47705078125,789.2819905138721,760.9379187291521,765.2909043233213,1542962,765.2909043233213
2020-11-04,782.5546264648438,788.243234685037,775.4314875732942,788.243234685037,923658,788.243234685037
2020-11-05,796.4051513671875,798.1859209954091,784.5332733343847,788.4905660119856,1373458,788.4905660119856
2020-11-06,792.6951904296875,800.2635368380458,786.5119206135432,796.8503598228352,1722728,796.8503598228352
2020-11-09,799.521484375,809.1178701016792,793.140338327592,799.373061757169,1255422,799.373061757169
2020-11-10,820.544677734375,824.0073088985098,802.6873458525405,807.4855995529389,1490688,807.4855995529389
2020-11-11,830.5863037109375,837.9567738337545,822.7211719742871,824.1062486464198,1822930,824.1062486464198
2020-11-12,828.8054809570312,835.3845041535375,816.2905187742616,831.03145807688,1003690,831.03145807688
2020-11-13,822.9684448242188,829.9926754760749,815.3011903497624,828.8054756097829,824124,828.8054756097829
2020-11-14,831.4766845703125,835.6813081149586,827.2226069430166,835.6813081149586,187698,835.6813081149586
2020-11-17,853.934326171875,857.6442880934059,827.3709625836178,832.0207936019686,2140176,832.0207936019686
2020-11-18,848.7897338867188,859.4249568128307,837.758757582054,854.5277955748071,968393,854.5277955748071
2020-11-19,837.7092895507812,853.5879123690235,829.0527128946616,845.673327997714,1466056,845.673327997714
2020-11-20,836.4232788085938,840.9246871158682,826.0848396961763,839.737487245594,971981,839.737487245594
2020-11-23,822.7211303710938,845.277747128056,821.1382374402694,838.1546081723571,1668966,838.1546081723571
2020-11-24,829.9927368164062,831.0315141323721,823.0674741986364,823.0674741986364,874577,823.0674741986364
2020-11-25,839.9848022460938,855.4182795025547,834.9887324520778,837.0168328179465,2407145,837.0168328179465
2020-11-26,842.40869140625,849.4823763271814,839.2428451398857,844.1894610612377,1791878,844.1894610612377
2020-11-27,837.0169067382812,848.4435779690848,832.0208365030422,845.8713617242581,2310173,845.8713617242581
2020-12-01,842.2603149414062,845.8713689153213,831.2293970622587,840.8258445523837,1027637,840.8258445523837
2020-12-02,866.2018432617188,869.8623508723695,841.2214345502858,843.8926190436522,2097626,843.8926190436522
2020-12-03,848.9877319335938,871.5937429987205,842.3098003044888,870.6044197944086,3804064,870.6044197944086
2020-12-04,853.7858276367188,861.7004123656802,847.3057734665794,855.8633819746753,1654173,855.8633819746753
2020-12-07,842.656005859375,856.7538609618066,838.946043990314,854.2805530490992,2151322,854.2805530490992
2020-12-08,844.68408203125,850.323235987095,839.1438966191696,845.6734051679424,2473148,845.6734051679424
2020-12-09,848.8392944335938,854.7752335555069,845.673448158541,848.8392944335938,1813714,848.8392944335938
2020-12-10,846.9100952148438,853.6869952203591,845.8713179537048,851.8072570270641,2302834,851.8072570270641
2020-12-11,840.6279296875,853.5880393703986,836.3738520316742,851.7083615326362,1939950,851.7083615326362
2020-12-14,841.12255859375,849.1360519971489,838.9954896567587,845.8712976618194,1186967,845.8712976618194
2020-12-15,847.0584716796875,849.2844487108796,833.0595253079047,842.111856054816,2044843,842.111856054816
2020-12-16,848.3446044921875,852.3018971078945,841.4193424147003,852.0051122384151,1618300,852.0051122384151
2020-12-17,847.2068481445312,856.65493245348,842.5075632219936,848.3445939107531,1650113,848.3445939107531
2020-12-18,847.9984130859375,854.7752529168915,843.6948208949732,849.8286368699187,1469894,849.8286368699187
2020-12-21,831.8722534179688,854.7751059304964,823.6608842687134,848.8391676948679,2239781,848.8391676948679
2020-12-22,844.83251953125,846.46486650544,816.3894788505095,831.8723499822775,2263176,831.8723499822775
2020-12-23,845.8218994140625,849.8286463802501,838.5998519813605,846.3660151086193,1535665,846.3660151086193
2020-12-24,864.5695190429688,870.3075811971428,842.1613256948712,848.7403487509066,2659479,848.7403487509066
2020-12-28,892.0232543945312,894.8428012567022,868.1310758460543,873.4734450815814,4187861,873.4734450815814
2020-12-29,889.6983032226562,899.245295843349,880.7943948075621,897.2666495288837,1834129,897.2666495288837
2020-12-30,893.3093872070312,901.2734268162496,881.2890862854471,892.3695180990748,1969826,892.3695180990748
2020-12-31,894.595458984375,897.6128825171896,884.7022274777742,892.3694818953898,1123846,892.3694818953898
2021-01-01,885.8399658203125,897.365544198682,884.454889267615,893.3587975488326,798399,893.3587975488326
2021-01-04,901.669189453125,907.2093752247633,884.9496032045265,890.3908808094733,1028233,890.3908808094733
2021-01-05,895.8815307617188,910.0783536294713,889.4014764637367,896.7719457146894,1209912,896.7719457146894
2021-01-06,900.5808715820312,905.2307025680964,891.3801781572183,896.8709096862603,1214878,896.8709096862603
2021-01-07,904.3898315429688,906.7147169201346,894.5955076650647,906.4179320354853,1109459,906.4179320354853
2021-01-08,925.5117797851562,944.3089190859771,908.198625165979,910.1772714081708,4436263,910.1772714081708
2021-01-11,926.2538452148438,942.3303472012162,916.9541829893284,929.963807211699,2146652,929.963807211699
2021-01-12,915.1239013671875,926.0064558699324,911.7107244691737,924.8192560292982,1573331,924.8192560292982
2021-01-13,916.6573486328125,938.8676653319584,912.6506019691586,917.5972176979888,1996557,917.5972176979888
2021-01-14,915.2723388671875,921.900755683435,908.6933157483828,920.1694401662226,719918,920.1694401662226
2021-01-15,900.5314331054688,919.8726893805542,893.7545934118222,915.2723727801758,733660,915.2723727801758
2021-01-18,883.36669921875,897.514008738461,873.7702522130176,889.4015465155687,936905,889.4015465155687
2021-01-19,894.743896484375,908.1986674036236,880.9922803081992,880.9922803081992,1420092,880.9922803081992
2021-01-20,887.1755981445312,901.1745458705481,885.4442825083418,895.436422883808,1147187,895.436422883808
2021-01-21,868.9224853515625,898.1075174295925,865.6577311280065,898.1075174295925,1913821,898.1075174295925
2021-01-22,853.3406372070312,876.2434913771434,829.0527669117909,876.0456146782706,3421388,876.0456146782706
2021-01-25,853.6375122070312,873.3250683457956,843.8927026892819,856.6549963206312,2534590,856.6549963206312
2021-01-27,872.335693359375,875.5509936184257,849.9274997082857,856.0613153560965,2745728,856.0613153560965
2021-01-28,863.2339477539062,874.9079494597996,859.573439830123,873.5723872906134,1855486,873.5723872906134
2021-01-29,855.220458984375,873.6218464944419,848.8887663016119,867.191245644306,2286478,867.191245644306
2021-02-01,865.1630249023438,887.422793982164,842.9527098993367,865.6576864374509,3099408,865.6576864374509
2021-02-02,856.1107788085938,880.4976190398941,848.7898235994821,878.518972704973,2781083,878.518972704973
2021-02-03,856.90234375,870.5549923099488,849.1855742137915,860.7112140495788,1883217,860.7112140495788
2021-02-04,854.6763305664062,861.4037162019522,849.8286227674197,856.902307750605,2094974,856.902307750605
2021-02-05,854.9730834960938,860.7111457242232,844.5357362769413,857.4958454672075,1766235,857.4958454672075
2021-02-08,849.9275512695312,862.3930600294036,847.8499966679677,855.7645824011577,1899676,855.7645824011577
2021-02-09,879.2114868164062,885.4442105232794,853.7858700352963,859.721808876793,4311868,859.721808876793
2021-02-10,901.61962890625,905.4780133459616,884.4548964012998,888.412189002648,4993209,888.412189002648
2021-02-11,897.662353515625,912.0570539358102,895.8815838875746,900.0862073571215,2184819,900.0862073571215
2021-02-12,887.2744140625,903.7466681275814,883.9107516920103,898.3053909795774,984794,898.3053909795774
2021-02-15,867.8836669921875,891.528512623056,865.6576900748522,888.4121207853912,1715171,888.4121207853912
2021-02-16,862.6898193359375,878.8157752124217,859.721849774002,867.8837660693248,1634864,867.8837660693248
2021-02-17,867.7848510742188,873.720790151372,860.7111661872133,860.7111661872133,1496973,860.7111661872133
2021-02-18,883.9602661132812,889.253121001524,869.3182950467497,870.7033112761474,2387930,870.7033112761474
2021-02-19,872.0883178710938,889.5498948440303,864.9157253531523,888.807902514588,1120800,888.807902514588
2021-02-22,839.9848022460938,875.5509813034228,836.0769637556681,870.6043655898442,1810985,870.6043655898442
2021-02-23,860.414306640625,865.0641372575672,839.9353065249788,843.8925988996548,1480977,843.8925988996548
2021-02-24,862.24462890625,866.5482210864092,843.5959106093835,860.8100981795303,683427,860.8100981795303
2021-02-25,863.0855712890625,873.4734647380818,860.4143866111871,863.8770177608601,1885254,863.8770177608601
2021-02-26,857.644287109375,869.5656193268501,848.8887407545112,850.8179330281928,2636891,850.8179330281928
2021-03-01,867.0428466796875,869.6150627574267,843.1012139900993,850.8179226068112,2648545,850.8179226068112
2021-03-02,869.763427734375,876.5402668176617,861.205758763854,867.3890281403893,1583910,867.3890281403893
2021-03-03,896.7720336914062,900.2841190020225,874.0670539981174,878.5190084327428,2127137,878.5190084327428
2021-03-04,906.1212158203125,914.9261567774982,882.8721187527588,890.0941666161923,3140379,890.0941666161923
2021-03-05,893.9030151367188,905.230778485173,885.3948592956131,900.2841622092977,1268992,900.2841622092977
2021-03-08,913.9862060546875,920.7136520617762,892.0727335992741,893.9524114324937,1396479,893.9524114324937
2021-03-09,960.9295654296875,973.2466507483861,928.9744396978241,939.8569943694706,11031435,939.8569943694706
2021-03-10,930.705810546875,963.6008073055076,926.0065252956418,963.3040224189712,2362998,963.3040224189712
2021-03-12,904.439208984375,926.3032257975718,895.3374241976016,895.3868782769364,28967831,895.3868782769364
2021-03-15,910.1773071289062,916.8552384583846,892.3694902502973,911.166630288829,4581531,911.166630288829
2021-03-16,904.2908325195312,914.0357019855262,901.2734089242007,908.6438786260206,1422174,908.6438786260206
2021-03-17,879.4588623046875,914.0357198906595,875.7489003401732,914.0357198906595,3809803,914.0357198906595
2021-03-18,880.9428100585938,888.4121877564623,872.8798022412599,885.4442183096144,2657918,885.4442183096144
2021-03-19,897.019287109375,900.234587257005,872.8797787706941,878.4694785653553,2849173,878.4694785653553
2021-03-22,890.5886840820312,899.5420462351134,885.7904307232698,895.3374229780342,1660688,895.3374229780342
2021-03-23,889.3026123046875,901.1249757549379,885.4442278289072,895.139582716145,1642691,895.139582716145
2021-03-24,871.296875,885.4441833954301,865.7071752754483,883.465537175552,1900721,883.465537175552
2021-03-25,854.8741455078125,874.858486050148,851.8072677679695,865.756700612862,2711471,865.756700612862
2021-03-26,864.6190185546875,867.5375340573379,858.8314416324495,860.7111798567995,1194885,860.7111798567995
2021-03-30,862.8381958007812,871.5936813866258,858.7324806397176,866.647065714738,1276847,866.647065714738
2021-03-31,871.4452514648438,881.3879971888628,861.6509887466268,866.6470584566937,1929013,866.6470584566937
2021-04-01,874.0175170898438,880.5470254884727,867.1417093712402,872.1872330989543,1193426,872.1872330989543
2021-04-05,865.68359375,880.0198938727642,857.9945811485187,878.0356325562528,1091002,878.0356325562528
2021-04-06,890.4868774414062,895.8940017445223,859.1355722556757,865.9316431743222,1351799,865.9316431743222
2021-04-07,911.2720947265625,913.7524216038803,891.1814470202883,893.9098065853378,2860132,893.9098065853378
2021-04-08,901.3507080078125,914.1492177919989,897.8782506847224,914.1492177919989,1342782,914.1492177919989
2021-04-09,902.9381103515625,908.7421111798639,893.116052923043,897.4813915952124,1344813,897.4813915952124
2021-04-12,865.5844116210938,898.2751291751936,861.6654833796119,893.5625085119199,1485108,893.5625085119199
2021-04-13,890.7349853515625,893.6617832082616,867.8663834154058,874.5136716268438,1174856,874.5136716268438
2021-04-15,901.5491943359375,904.8232135899304,882.9963378235067,887.9569914067848,1464475,887.9569914067848
2021-04-16,907.0057983398438,912.313672779385,898.4734389249321,909.7837518834807,1310422,909.7837518834807
2021-04-19,899.118408203125,902.7397093243105,881.5080890355604,890.1396378652803,1580387,890.1396378652803
2021-04-20,891.8759155273438,923.7728815803671,888.3042086317766,909.7838627652419,3593124,909.7838627652419
2021-04-22,907.2042846679688,913.4051011900463,888.0065203827074,892.9175791791625,1988641,892.9175791791625
2021-04-23,915.5878295898438,934.4879686390422,889.2963649682777,889.2963649682777,3601606,889.2963649682777
2021-04-26,935.0831909179688,939.4485902487046,908.7917271945457,911.9169631421013,3751088,911.9169631421013
2021-04-27,921.44140625,939.3493536360011,917.7209160497981,938.5556611709287,1926977,938.5556611709287
2021-04-28,923.0784301757812,926.6500764841861,906.956306254081,926.6500764841861,1904945,926.6500764841861
2021-04-29,920.8956909179688,927.6421672964273,914.0499651405792,923.0783904814009,830577,923.0783904814009
2021-04-30,921.3917846679688,933.0989147085787,912.5617972978023,920.6972810734301,1326833,920.6972810734301
2021-05-03,951.0565185546875,972.2881409567048,908.8413669945282,914.6949626773323,5424609,914.6949626773323
2021-05-04,975.1652221679688,997.091284907681,935.1327148439904,990.1463704854385,10515809,990.1463704854385
2021-05-05,965.4423217773438,1011.7748357464645,957.4060876470135,982.1597597442974,5475550,982.1597597442974
2021-05-06,961.771484375,975.7109080131022,953.6360008659951,969.609280242636,1800692,969.609280242636
2021-05-07,992.3787231445312,1036.4788838921265,966.732169017773,1021.8946111860706,11010394,1021.8946111860706
2021-05-10,997.09130859375,1009.4929417852145,987.1700020405783,1001.3574583006439,2370879,1001.3574583006439
2021-05-11,993.0731811523438,1007.0126046026221,982.7054038018691,990.1463836388343,1297672,990.1463836388343
2021-05-12,965.2439575195312,993.023616407734,962.3667543413128,987.7156809658278,3513520,987.7156809658278
2021-05-14,970.70068359375,974.2723298273886,957.4061082315988,965.2935592653059,1331063,965.2935592653059
2021-05-17,956.0667114257812,981.0187605836383,953.635979257063,970.7006383040635,2181641,970.7006383040635
2021-05-18,960.8289794921875,968.3195540957901,956.6124240568319,958.2990583419444,1342840,958.2990583419444
2021-05-19,970.3534545898438,972.1889327850298,955.4218991185363,960.8290237426911,1101773,960.8290237426911
2021-05-20,961.5234985351562,976.7030862353524,958.1998243350938,973.7266941155158,1463348,973.7266941155158
2021-05-21,961.6226806640625,968.0219357879638,957.6541578653457,960.4817061374905,1245988,960.4817061374905
2021-05-24,954.92578125,964.3014283041521,953.0903637105769,959.7375908348778,1841255,959.7375908348778
2021-05-25,957.7037353515625,964.9462772201598,955.5706907178883,959.3903696221581,1235079,959.3903696221581
2021-05-26,964.10302734375,972.28810578531,961.37466786323,961.37466786323,1719675,961.37466786323
2021-05-27,974.37158203125,978.240916165001,957.951830285699,968.8156740721332,2428883,968.8156740721332
2021-05-28,969.162841796875,979.2329925378217,964.3510321649064,978.240861846294,1137566,978.240861846294
2021-05-31,967.9723510742188,975.0660493151745,963.0116975260597,969.3117033102806,785669,969.3117033102806
2021-06-01,958.6958618164062,974.2723255683366,952.5446395032734,970.7006793503116,1420625,970.7006793503116
2021-06-02,976.6535034179688,985.6322743085462,955.8187583315033,957.4061432590069,2488600,957.4061432590069
2021-06-03,979.0841064453125,983.0526290401029,973.7762316967198,978.7368849402079,1724751,978.7368849402079
2021-06-04,981.3660888671875,987.1204347150126,976.2565916301097,987.1204347150126,996919,987.1204347150126
2021-06-07,980.72119140625,990.0968385792224,979.2329953646623,987.1700409197964,693875,987.1700409197964
2021-06-08,972.1392211914062,980.2251104438296,955.4218434791578,980.2251104438296,3262160,980.2251104438296
2021-06-09,990.7417602539062,999.0756829232723,970.4527345013853,970.4527345013853,3809219,970.4527345013853
2021-06-10,989.6998901367188,997.0912753836166,984.2431717142213,997.0912753836166,1041345,997.0912753836166
2021-06-11,980.32421875,994.6109235698494,976.2565075239221,991.0392776423101,823207,991.0392776423101
2021-06-14,978.3897094726562,984.937747840235,963.7061267371247,980.324315884769,514960,980.324315884769
2021-06-15,988.0133056640625,995.8511621961894,973.1313455814295,983.9951885527217,1137725,983.9951885527217
2021-06-16,983.9951782226562,995.950340585895,980.5723153286141,992.0810673379407,833286,992.0810673379407
2021-06-17,975.5620727539062,984.8881252456824,969.3116616627522,975.2644456647752,869613,975.2644456647752
2021-06-18,974.8179931640625,992.8251893322062,949.2210335829094,992.8251893322062,1888723,992.8251893322062
2021-06-21,973.8258666992188,982.6062596389967,960.7297294797013,965.3431614103347,887943,965.3431614103347
2021-06-22,999.0755615234375,1003.0440841114154,972.3376284759665,974.2722953485757,2289172,974.2722953485757
2021-06-23,992.6763305664062,1007.0622252931286,991.1385401376233,1002.5480428519203,1802617,1002.5480428519203
2021-06-24,994.2637939453125,997.5378131071927,987.1700352988624,992.229877589509,932721,992.229877589509
2021-06-25,999.2244262695312,1009.5425488814604,983.5983682521063,989.154275769695,980203,989.154275769695
2021-06-28,994.2141723632812,1011.6757094046058,990.1464606247404,1002.5480946506013,1107325,1002.5480946506013
2021-06-29,991.535400390625,1009.2945027743647,987.4180339522553,992.2298434049384,2486963,992.2298434049384
2021-06-30,1000.2166137695312,1003.7882601545147,990.5929336343463,994.5118621056929,777901,994.5118621056929
2021-07-01,998.976318359375,1009.3936895863519,994.7101083654031,1001.0597683828321,834379,1001.0597683828321
2021-07-02,999.2740478515625,1002.9449435330652,988.2117663832877,1002.9449435330652,581097,1002.9449435330652
2021-07-05,1001.9031372070312,1006.9630399788066,997.8850200871381,1006.0205037272636,431929,1006.0205037272636
2021-07-06,1015.0985107421875,1024.7717846937805,998.182634516291,1002.994504558455,1693798,1002.994504558455
2021-07-07,1006.4174194335938,1018.9182421947626,1004.5819412817332,1015.4457846994542,888200,1015.4457846994542
2021-07-08,1013.5606689453125,1017.9260681182471,994.2141208670416,1002.7960753903686,868890,1002.7960753903686
2021-07-09,1011.5764770507812,1019.9103994785792,1004.5819674532659,1006.1197579874231,930387,1006.1197579874231
2021-07-12,1025.3175048828125,1027.8474868125786,1010.9316691454086,1011.675767229491,1297301,1011.675767229491
2021-07-13,1044.3663330078125,1048.1860117154563,1027.8969887541468,1031.8158563029574,2525938,1031.8158563029574
2021-07-14,1044.118408203125,1052.5018644576842,1038.7608780200483,1041.737270220679,1596046,1041.737270220679
2021-07-15,1044.6640625,1056.5696319300077,1041.0924158929406,1045.2097828760948,796945,1045.2097828760948
2021-07-16,1041.9852294921875,1049.5253983139426,1038.8599936797686,1045.7057194808528,699003,1045.7057194808528
2021-07-19,1029.6827392578125,1041.9851831619299,1019.2158338875823,1036.6773085693806,643558,1036.6773085693806
2021-07-20,1006.7645874023438,1033.0063949198259,1004.8299205040522,1029.0875272560543,695099,1029.0875272560543
2021-07-22,1017.926025390625,1030.6253458861604,1008.9968497293038,1008.9968497293038,915518,1008.9968497293038
2021-07-23,1042.18359375,1045.6560510280033,1015.4953155748269,1017.4299824549701,1290998,1017.4299824549701
2021-07-26,1068.1776123046875,1096.2053064145073,1031.9151844019027,1039.7530416669454,2151393,1039.7530416669454
2021-07-27,1096.453369140625,1104.9856697309704,1054.6350320305469,1089.3596097549769,6096747,1089.3596097549769
2021-07-28,1124.4808349609375,1129.838364369033,1084.398734901823,1106.2256078824635,4409570,1106.2256078824635
2021-07-29,1119.9666748046875,1138.9660012247582,1115.2045202876864,1124.0840412784416,1555904,1124.0840412784416
2021-07-30,1089.9547119140625,1114.1627240858643,1083.4066738216954,1114.1627240858643,1238229,1114.1627240858643
2021-08-02,1098.487060546875,1119.619492861334,1093.278374381592,1102.3068606225127,1582968,1102.3068606225127
2021-08-03,1122.794189453125,1125.969080146044,1086.1846659658715,1096.5523826417455,1033719,1096.5523826417455
2021-08-04,1127.9036865234375,1135.6423539089653,1116.1469627378713,1121.1076159055951,1840302,1121.1076159055951
2021-08-05,1125.8204345703125,1166.4481427209653,1116.14715919066,1160.9914232760332,6687775,1160.9914232760332
2021-08-06,1141.644775390625,1145.166887903868,1118.5777360631266,1131.0290250902399,1654283,1131.0290250902399
2021-08-09,1127.5069580078125,1146.9031628828036,1119.9667884253352,1142.1905417550413,1491795,1142.1905417550413
2021-08-10,1118.7264404296875,1136.9816676931212,1111.3351159029592,1133.757243242857,1911046,1133.757243242857
2021-08-11,1126.4652099609375,1133.1124371419032,1104.3406471239086,1121.1076800115084,1458158,1121.1076800115084
2021-08-12,1125.1258544921875,1141.8927662215199,1119.6691357114762,1127.3581485388422,1054244,1127.3581485388422
2021-08-13,1129.6400146484375,1133.5093486820726,1122.1495003711111,1123.091976112128,712776,1123.091976112128
2021-08-16,1130.1358642578125,1135.4933933500774,1119.4704610437336,1123.0917617057996,479277,1123.0917617057996
2021-08-17,1125.8699951171875,1142.736217441338,1114.7085244614996,1129.0447649931446,1991904,1129.0447649931446
2021-08-18,1105.283203125,1137.3786055481248,1091.5420966844079,1126.068291874756,3428721,1126.068291874756
2021-08-20,1116.4447021484375,1124.5801252769172,1091.8398128515637,1105.2832320034306,2127671,1105.2832320034306
2021-08-23,1126.5146484375,1131.9713667719468,1109.7972719439063,1118.1311932584545,1251406,1118.1311932584545
2021-08-24,1151.2684326171875,1156.725151202308,1121.7525457249446,1131.0289430977098,1211218,1131.0289430977098
2021-08-25,1147.0518798828125,1162.4299050203324,1141.0990959586113,1158.8086039111702,893931,1158.8086039111702
2021-08-26,1142.736328125,1155.3363411084001,1135.8409462528966,1142.1409527445967,823814,1142.1409527445967
2021-08-27,1174.732421875,1183.2647218044947,1136.2873566577746,1145.7125984529653,2469538,1145.7125984529653
2021-08-30,1171.40869140625,1189.5647320066987,1167.2914458104226,1180.1394901767874,1690833,1180.1394901767874
2021-08-31,1182.66943359375,1185.100105332426,1162.4299433619462,1171.4086534112844,1719768,1171.4086534112844
2021-09-01,1210.8956298828125,1213.177579144995,1174.5836671701297,1179.6435099800608,1955177,1179.6435099800608
2021-09-02,1233.6153564453125,1240.1633949487004,1214.5663740330765,1220.122402930212,2468599,1220.122402930212
2021-09-03,1234.3594970703125,1243.7847391971136,1216.3522997324294,1237.1373905050168,1295336,1237.1373905050168
2021-09-06,1234.85546875,1238.1790822890118,1223.7931875028012,1235.2026902642785,1166873,1235.2026902642785
2021-09-07,1229.0018310546875,1243.4869141856427,1218.5844593282904,1235.202647558495,1164891,1235.202647558495
2021-09-08,1210.4490966796875,1237.1373153507488,1202.41274120358,1236.2444946175842,1909087,1236.2444946175842
2021-09-09,1163.9676513671875,1190.209580204166,1158.8086203369649,1167.7377963498352,10115407,1167.7377963498352
2021-09-13,1155.9810791015625,1169.7717196929202,1144.2738887037879,1169.7717196929202,2374250,1169.7717196929202
2021-09-14,1161.685791015625,1164.7613717787915,1148.9369365089806,1160.7928492173646,1338821,1160.7928492173646
2021-09-15,1163.2235107421875,1166.7456229287507,1156.3282512954581,1161.685780928805,1875092,1161.685780928805
2021-09-16,1175.5758056640625,1177.6592561159553,1158.8087709717236,1164.9599334696388,3028407,1164.9599334696388
2021-09-17,1189.3663330078125,1195.319117214839,1174.137029857072,1193.5332335088492,4143024,1193.5332335088492
2021-09-20,1168.23388671875,1189.267008889253,1164.7614293059978,1180.4866765103775,2117784,1180.4866765103775
2021-09-21,1175.2779541015625,1186.5386128561308,1161.6858125209344,1179.6433532218846,2117913,1179.6433532218846
2021-09-22,1181.92529296875,1194.0788934433824,1168.4818742039506,1175.2779449412951,1399326,1175.2779449412951
2021-09-23,1208.712890625,1214.3679872196406,1189.0686541525647,1214.3679872196406,2659260,1214.3679872196406
2021-09-24,1212.4332275390625,1228.8033821604533,1198.0968679472423,1209.4071808166868,1703375,1209.4071808166868
2021-09-27,1213.177490234375,1223.2971751125915,1199.3371940545032,1220.2711279792577,728019,1220.2711279792577
2021-09-28,1200.7757568359375,1219.477395097011,1192.8387117503087,1212.8797021476425,1588306,1212.8797021476425
2021-09-29,1196.4598388671875,1205.2402914933236,1187.3819408389854,1196.5094938406594,1623118,1196.5094938406594
2021-09-30,1205.5380859375,1209.4074201994576,1187.332510355784,1199.6349562434148,1234882,1199.6349562434148
2021-10-01,1199.53564453125,1207.9687552932057,1189.961559267795,1194.5253361640896,830634,1194.5253361640896
2021-10-04,1221.1639404296875,1230.2419597579044,1196.5591739003457,1201.4701719893728,1664614,1201.4701719893728
2021-10-05,1252.019287109375,1257.5256609324879,1217.3443676245859,1221.312890420428,2282814,1221.312890420428
2021-10-06,1202.5120849609375,1263.8753456353122,1195.9143914655847,1262.9824037673452,2630744,1262.9824037673452
2021-10-07,1205.48828125,1224.487484521287,1197.6999594928802,1217.3441929575865,2674007,1217.3441929575865
2021-10-08,1187.0347900390625,1219.3286944674176,1182.5702016541127,1215.3105164770782,1661548,1215.3105164770782
2021-10-11,1196.6087646484375,1208.9112090527774,1190.5071368682911,1190.5071368682911,822914,1190.5071368682911
2021-10-12,1201.0733642578125,1205.438763425491,1188.721385866592,1199.485979408575,815338,1199.485979408575
2021-10-13,1182.371826171875,1209.0601676785022,1175.0796893513475,1201.0734666642938,1281752,1201.0734666642938
2021-10-14,1176.220458984375,1189.465378021444,1164.5629246552865,1183.5621283974956,2080766,1183.5621283974956
2021-10-18,1183.1158447265625,1210.3994386301101,1176.2205848930018,1210.3994386301101,934860,1210.3994386301101
2021-10-19,1184.058349609375,1206.3317567561535,1177.2127445853987,1184.1080045888498,1313098,1184.1080045888498
2021-10-20,1159.552734375,1193.5332102272728,1146.803879335577,1189.5646875,2063277,1189.5646875
2021-10-21,1149.18505859375,1175.1291799701812,1129.0944115631578,1160.7929395453205,1985866,1160.7929395453205
2021-10-22,1158.014892578125,1162.5787906385242,1132.715559990684,1158.8086455737691,1112991,1158.8086455737691
2021-10-25,1120.8099365234375,1157.7668028950693,1117.4367892323082,1148.490405625069,1843700,1148.490405625069
2021-10-26,1162.8267822265625,1169.0275988181259,1125.0761623732456,1126.0682930278956,1572647,1126.0682930278956
2021-10-27,1176.6669921875,1192.59073812262,1166.0512423038886,1166.1504311504293,1916766,1166.1504311504293
2021-10-28,1157.9156494140625,1212.1356132848816,1148.9864736255918,1200.4780782277119,3565017,1200.4780782277119
2021-10-29,1136.535400390625,1170.714255420676,1133.1124767237823,1157.9157448471017,1518940,1157.9157448471017
2021-11-01,1154.1951904296875,1163.8189305920662,1129.5904224857516,1138.966008870992,972538,1138.966008870992
2021-11-02,1156.8740234375,1163.0251851861158,1146.2086186682523,1154.1951979459145,1159884,1154.1951979459145
2021-11-03,1169.523681640625,1188.9694185407209,1157.8164912967434,1160.7928833052183,1941052,1160.7928833052183
2021-11-04,1172.4505615234375,1180.5859855606109,1163.323006695891,1180.5859855606109,119047,1180.5859855606109
2021-11-08,1191.2017822265625,1192.6403233375927,1168.0850878313133,1173.6906506637793,1361707,1173.6906506637793
2021-11-09,1197.749755859375,1202.462376559588,1183.0166395764393,1202.462376559588,1521269,1202.462376559588
2021-11-10,1174.4346923828125,1195.3190916394985,1171.7559879908465,1187.6796127381142,842679,1187.6796127381142
2021-11-11,1144.125,1182.7189059288999,1141.049419253004,1168.72988819536,1271079,1168.72988819536
2021-11-12,1165.6544189453125,1167.7378692564537,1138.5692015713519,1144.918862465546,1281030,1144.918862465546
2021-11-15,1150.7725830078125,1170.218323207114,1146.407183099466,1167.9363738362424,662558,1167.9363738362424
2021-11-16,1143.9266357421875,1164.9102231436132,1141.5951529441843,1160.6936678947802,694696,1160.6936678947802
2021-11-17,1177.8575439453125,1187.5308184784953,1140.9503295548977,1140.9503295548977,2862829,1140.9503295548977
2021-11-18,1172.748046875,1195.5173961418739,1169.2259347329448,1180.635436853801,1527355,1180.635436853801
2021-11-22,1141.5953369140625,1180.2884383741005,1128.2015710240494,1172.7482684653698,772737,1172.7482684653698
2021-11-23,1144.4227294921875,1150.0778258754467,1122.6455096982236,1134.6006116231101,820238,1134.6006116231101
2021-11-24,1154.592041015625,1172.0535161894963,1142.934505907626,1150.1274531019233,1136850,1150.1274531019233
2021-11-25,1150.37548828125,1164.761382701326,1143.4305737336272,1148.6392596443443,768462,1148.6392596443443
2021-11-26,1121.454833984375,1144.918747618071,1096.5523793803059,1144.918747618071,2315515,1144.918747618071
2021-11-29,1127.30859375,1138.817286524757,1095.0643435437294,1103.2494224422442,1120859,1103.2494224422442
2021-11-30,1151.4173583984375,1158.7094949865998,1125.22508310347,1126.0683699956223,2253521,1126.0683699956223
2021-12-01,1155.683349609375,1170.1684327042035,1146.406952364754,1151.6652931907472,1239348,1151.6652931907472
2021-12-02,1178.700927734375,1180.6355341573897,1147.9448760042246,1161.437829315511,1030248,1161.437829315511
2021-12-03,1156.774658203125,1178.700841987317,1154.5423642883295,1167.737750095221,1327943,1167.737750095221
2021-12-06,1139.462158203125,1169.7221458611098,1135.9897006030285,1156.7747912225798,936271,1156.7747912225798
2021-12-07,1150.0281982421875,1153.302156525143,1130.0367426209411,1147.895093250596,2090791,1147.895093250596
2021-12-08,1160.2967529296875,1163.7692100782585,1149.4825050164843,1155.8321651672388,2315306,1155.8321651672388
2021-12-09,1152.2109375,1175.6251972550156,1144.0258594148352,1170.7141988477974,1136171,1170.7141988477974
2021-12-10,1166.3487548828125,1168.5315149542369,1147.6967715370884,1151.8636717766392,949040,1151.8636717766392
2021-12-13,1177.311767578125,1195.1701178755263,1168.7298139077138,1172.6983361960251,2187282,1172.6983361960251
2021-12-14,1179.197021484375,1183.5127659156044,1168.8788377238184,1169.7221246180136,1171502,1169.7221246180136
2021-12-15,1165.4063720703125,1181.280463557627,1153.153581925483,1179.1970132718582,857540,1179.1970132718582
2021-12-16,1154.6417236328125,1177.6094517842541,1151.020422460847,1169.2259960561578,993629,1169.2259960561578
2021-12-17,1133.5589599609375,1152.8061983175246,1128.0525862280804,1146.90306919935,982598,1146.90306919935
2021-12-20,1116.841552734375,1133.5590529976923,1091.9390947767188,1130.5330057232186,1341693,1130.5330057232186
2021-12-21,1126.3162841796875,1132.4674455679294,1108.904343388438,1126.663505674078,878721,1126.663505674078
2021-12-22,1115.4525146484375,1130.929728239174,1110.1445188954362,1130.384007949336,846447,1130.384007949336
2021-12-23,1116.5933837890625,1125.0761492311126,1107.3666414744143,1125.0761492311126,1026376,1125.0761492311126
2021-12-24,1139.164306640625,1144.5714910772213,1117.1390557613215,1121.901331085886,1930715,1121.901331085886
2021-12-27,1152.806396484375,1155.8820990172137,1126.4157400099973,1138.9662195254937,798129,1138.9662195254937
2021-12-28,1168.3330078125,1173.1944721303705,1152.4589177033365,1156.1298737068983,776910,1156.1298737068983
2021-12-29,1176.31982421875,1182.818207834272,1157.8165618827438,1168.3331233985548,1400668,1168.3331233985548
2021-12-30,1185.7945556640625,1193.235535860523,1171.6071594219666,1174.5835515005508,1335116,1174.5835515005508
2021-12-31,1186.58837890625,1195.4679006891306,1177.7583909951225,1189.5647711610316,843128,1189.5647711610316
2022-01-03,1199.8828125,1204.8929995338713,1186.588237787796,1186.588237787796,925281,1186.588237787796
2022-01-04,1210.99462890625,1217.3442891924367,1196.0134805391056,1196.807233491015,1409464,1196.807233491015
2022-01-05,1210.25048828125,1215.359985093582,1204.1985158427226,1205.438679092818,378090,1205.438679092818
2022-01-06,1196.1126708984375,1218.782831715898,1192.6898686470895,1199.2875616004078,1387627,1199.2875616004078
2022-01-07,1207.8199462890625,1209.655363874107,1196.5096320132648,1198.493893426222,1050768,1198.493893426222
2022-01-10,1219.4278564453125,1230.9365486953748,1203.7522635716837,1209.4073602907679,1379165,1209.4073602907679
2022-01-11,1223.694091796875,1230.1924755463363,1214.4672273740325,1221.1145760677105,985871,1221.1145760677105
2022-01-12,1239.568115234375,1245.520899407638,1221.4617300407006,1230.2420624743224,1371034,1230.2420624743224
2022-01-13,1248.794921875,1251.0768710352847,1236.1949098413677,1245.1240865577179,933511,1245.1240865577179
2022-01-14,1253.6563720703125,1262.2383271468982,1244.628006607022,1249.092594912906,895522,1249.092594912906
2022-01-17,1277.8145751953125,1283.0729158906654,1246.4137381662383,1246.4137381662383,1427239,1246.4137381662383
2022-01-18,1255.938232421875,1282.8249492080859,1253.1602181173741,1277.8146409084432,869578,1277.8146409084432
2022-01-19,1238.2781982421875,1262.089333038389,1230.8372186183744,1253.0609686501014,625670,1253.0609686501014
2022-01-20,1228.9521484375,1245.7688350834082,1221.263136145718,1238.1790116315167,716954,1238.1790116315167
2022-01-21,1230.8870849609375,1253.2595615391856,1191.54907503932,1215.360213924369,2421446,1215.360213924369
2022-01-24,1215.360107421875,1230.2420679209183,1195.6663372500818,1230.2420679209183,1073781,1230.2420679209183
2022-01-25,1218.3365478515625,1223.198012696039,1200.7262272291152,1202.5616448748651,1083251,1202.5616448748651
2022-01-27,1202.1151123046875,1212.2844513488405,1192.3921836039597,1209.4072482753847,1793456,1209.4072482753847
2022-01-28,1196.063232421875,1228.0097930146076,1191.5489892228186,1200.478165661624,635096,1200.478165661624
2022-01-31,1223.545166015625,1228.6546632600512,1196.5592598553098,1200.4781276131412,1771932,1200.4781276131412
2022-02-01,1205.38916015625,1240.1633900573402,1193.1363700844247,1240.1633900573402,1593083,1240.1633900573402
2022-02-02,1210.498779296875,1217.8902265108702,1201.520068115607,1207.1255103146952,937000,1207.1255103146952
2022-02-03,1175.873291015625,1210.3994888125212,1166.348860243632,1208.4648823357613,1236574,1208.4648823357613
2022-02-04,1162.876220703125,1184.603904479588,1155.980961662802,1184.603904479588,856452,1184.603904479588
2022-02-07,1134.99755859375,1162.4795314549774,1122.9928009459502,1152.6575340856832,1519928,1152.6575340856832
2022-02-08,1122.24853515625,1139.9580418720102,1108.5570846428927,1135.9895195330303,1511667,1135.9895195330303
2022-02-09,1116.841552734375,1131.8228241604693,1109.2021942944787,1123.0920249922628,1741687,1123.0920249922628
2022-02-10,1137.2298583984375,1140.9503486658261,1099.280857671074,1116.1470802165688,2030639,1116.1470802165688
2022-02-11,1124.3818359375,1135.8408735209903,1115.1549714487105,1135.8408735209903,1942394,1135.8408735209903
2022-02-14,1087.6728515625,1118.1312132761898,1081.4223801872643,1116.1469520281396,2448602,1116.1469520281396
2022-02-15,1111.13671875,1114.8076749718891,1077.652307934523,1087.3752371485282,1245681,1087.3752371485282
2022-02-16,1113.319580078125,1122.595978658174,1093.3281206198037,1119.123520924808,1294606,1119.123520924808
2022-02-17,1117.486328125,1123.9351773195267,1103.1500887441239,1119.123367911704,1182862,1119.123367911704
2022-02-18,1141.4462890625,1151.764471829637,1102.6043507016673,1115.9485803321877,1734791,1115.9485803321877
2022-02-21,1125.8204345703125,1141.4464947989818,1114.162897574321,1135.9897753540497,1020384,1135.9897753540497
2022-02-22,1092.2862548828125,1117.6352429243123,1087.4744451693937,1097.296563403719,2115917,1097.296563403719
2022-02-23,1093.080078125,1106.176155872401,1090.0540308263098,1099.2808954504196,1743770,1099.2808954504196
2022-02-24,1045.904296875,1082.9108261388424,1032.510530358395,1069.5170596222374,2088599,1069.5170596222374
2022-02-25,1047.2930908203125,1069.2191539822622,1040.745052746611,1051.658489906013,1415912,1051.658489906013
2022-02-28,1051.807373046875,1054.43654359187,1008.8480658149736,1040.745091654347,1566146,1040.745091654347
2022-03-02,1112.327392578125,1116.1470716681142,1047.7397062528719,1051.6585741939566,3762611,1051.6585741939566
2022-03-03,1072.791015625,1117.8833092308544,1066.6893873633246,1111.2856156000948,1105747,1111.2856156000948
2022-03-04,1049.029541015625,1068.9218132104138,1041.4893706985756,1063.0682169121446,1586668,1063.0682169121446
2022-03-07,1020.8032836914062,1040.5467084998395,1014.9496884413096,1018.5213346772271,852067,1018.5213346772271
2022-03-08,1023.8291625976562,1031.5678300115665,995.6030944136638,1001.0598129181732,1580056,1001.0598129181732
2022-03-09,1017.1323852539062,1033.7505751333815,1012.7670463348973,1027.6490679758492,1409037,1027.6490679758492
2022-03-10,1041.786865234375,1048.7813138374202,1027.897035764286,1030.8237728158883,1580932,1030.8237728158883
2022-03-11,1050.17041015625,1057.7105797153067,1033.453031061109,1041.737298690659,698477,1041.737298690659
2022-03-14,1061.281982421875,1064.1591851887408,1031.9645978453905,1038.7606677726828,1278905,1038.7606677726828
2022-03-15,1062.12548828125,1070.8561651092155,1051.6584617510757,1060.6372923448098,1068905,1060.6372923448098
2022-03-16,1077.2060546875,1089.1612796996449,1066.5406482054455,1067.4335901793756,1616431,1067.4335901793756
2022-03-17,1119.6690673828125,1131.0289146164416,1079.5373108606486,1087.3751670347542,1867149,1087.3751670347542
2022-03-21,1087.1767578125,1130.0367512053858,1085.3908742920914,1130.0367512053858,849763,1130.0367512053858
2022-03-22,1089.01220703125,1093.1791072210883,1061.579770970676,1083.9027100798726,998586,1083.9027100798726
2022-03-23,1083.6546630859375,1108.9043387670652,1070.6081212905676,1101.7113918159341,1054362,1101.7113918159341
2022-03-24,1080.380615234375,1088.863380675774,1075.767304632254,1079.4381395674186,526345,1079.4381395674186
2022-03-25,1084.0020751953125,1092.6336857203125,1077.0571596764394,1085.3910825210303,598919,1085.3910825210303
2022-03-28,1068.5247802734375,1095.1139318847556,1047.6900352541784,1084.2996828671037,926829,1084.2996828671037
2022-03-29,1094.6165771484375,1108.2340061235643,1079.8560509767083,1104.3078476385144,2864668,1104.3078476385144
2022-03-30,1115.0428466796875,1120.8575847314148,1096.853028840933,1103.313875861745,1287813,1103.313875861745
2022-03-31,1114.69482421875,1121.2054184003819,1107.7369891754852,1121.2054184003819,749342,1121.2054184003819
2022-04-01,1106.6436767578125,1114.0488742479463,1082.4403740207704,1112.2596680709294,1519104,1112.2596680709294
2022-04-04,1119.5157470703125,1123.0940380965085,1097.3500232478743,1106.6436789784864,1802143,1106.6436789784864
2022-04-05,1111.613525390625,1123.3921219162567,1104.3078228368797,1116.2852874511595,773451,1116.2852874511595
2022-04-06,1100.4312744140625,1115.6887882508936,1094.8650307083308,1104.3078067335048,1354847,1104.3078067335048
2022-04-07,1102.1707763671875,1109.0292382266298,1093.374108939541,1096.853026558894,966698,1096.853026558894
2022-04-08,1153.4599609375,1157.9826024682725,1102.319919431171,1102.319919431171,2390240,1102.319919431171
2022-04-11,1135.6181640625,1153.0127530087527,1126.2251345655327,1153.0127530087527,1318874,1153.0127530087527
2022-04-12,1142.1783447265625,1146.0548772513985,1112.3094244127392,1134.127159534992,1506254,1134.127159534992
2022-04-13,1139.99169921875,1150.9254409786847,1133.133236938695,1143.0730021749994,509293,1143.0730021749994
2022-04-18,1166.3321533203125,1174.8305803517503,1126.7718365603564,1138.1031939373063,2382085,1138.1031939373063
2022-04-19,1117.92529296875,1177.8123755912636,1105.3018402694643,1177.8123755912636,971382,1177.8123755912636
2022-04-20,1121.5533447265625,1128.859047638273,1110.9674708740738,1120.7084889797015,645638,1120.7084889797015
2022-04-21,1137.6558837890625,1141.6814159269165,1118.4223409019994,1118.4223409019994,731288,1118.4223409019994
2022-04-22,1130.399658203125,1133.1330932966036,1115.241518139289,1126.6722467120178,824665,1126.6722467120178
2022-04-25,1084.6768798828125,1122.3982403674077,1080.8997205643311,1113.2537048969073,1073577,1113.2537048969073
2022-04-26,1088.255126953125,1099.3379889934354,1077.0728915316276,1099.3379889934354,922785,1099.3379889934354
2022-04-27,1067.7294921875,1092.2807841803026,1054.8077978760314,1086.4162986488627,1202603,1086.4162986488627
2022-04-28,1110.1226806640625,1118.2236137775453,1059.9766124735606,1062.063938952273,1643102,1062.063938952273
2022-04-29,1098.841064453125,1125.7778044074491,1059.8274852764762,1107.786853308917,3259418,1107.786853308917
2022-05-02,1074.538330078125,1086.813915428687,1057.7897291999072,1082.390647259402,1925857,1082.390647259402
2022-05-04,1071.357421875,1090.3423465538742,1058.584849599881,1074.5382191067274,1169983,1074.5382191067274
2022-05-05,1077.12255859375,1108.283694711691,1073.4945204382298,1075.4824732538561,814132,1075.4824732538561
2022-05-06,1052.7701416015625,1074.488501948411,1045.8619327334497,1066.5366906481454,1350057,1066.5366906481454
2022-05-09,1058.0382080078125,1068.4253349502694,1026.9764432307616,1027.7716729430615,1201027,1027.7716729430615
2022-05-10,1074.538330078125,1090.193459752349,1055.6030294619602,1063.5548413599788,1410429,1063.5548413599788
2022-05-11,1080.6015625,1097.797282930309,1072.500629861015,1072.500629861015,1886732,1072.500629861015
2022-05-12,1054.21142578125,1075.4327992688477,1041.6873464553744,1069.0216995350715,1457225,1069.0216995350715
2022-05-13,1038.6556396484375,1072.5005861992026,1032.2942874563248,1068.5246804116243,1108831,1068.5246804116243
2022-05-16,1038.3575439453125,1047.6511996754296,1027.9207910073694,1038.705411442907,590395,1038.705411442907
2022-05-17,1063.952392578125,1068.872527361702,1030.0578206573387,1035.7234377617615,545334,1035.7234377617615
2022-05-18,1067.431396484375,1078.464511459025,1054.609075260853,1057.094016531496,775879,1057.094016531496
2022-05-19,1050.28515625,1067.4312486426625,1040.6932600068137,1067.4312486426625,1069562,1067.4312486426625
2022-05-20,1064.896728515625,1076.9735675922711,1054.9569632402004,1074.488626273415,941175,1074.488626273415
2022-05-23,1070.015625,1085.3228862618935,1055.6029667905248,1055.6029667905248,620152,1055.6029667905248
2022-05-24,1066.9344482421875,1077.0729604726137,1050.881702764823,1066.2883392205856,847697,1066.2883392205856
2022-05-25,1089.3983154296875,1109.2778467331489,1071.5067372565723,1071.5067372565723,3185769,1071.5067372565723
2022-05-26,1098.69189453125,1103.1151627352142,1066.9343940485633,1090.3922150646265,1177148,1090.3922150646265
2022-05-27,1114.3470458984375,1122.5970995010164,1096.2069745127276,1108.2838134283008,687512,1108.2838134283008
2022-05-30,1141.482666015625,1143.0730041892311,1112.1106111565787,1118.6212059318402,580398,1118.6212059318402
2022-05-31,1167.0775146484375,1173.7868559251694,1132.735578542417,1147.0488641997822,2649820,1147.0488641997822
2022-06-01,1145.806396484375,1168.9163498292128,1137.158849573218,1155.0006789979125,683413,1155.0006789979125
2022-06-02,1136.860595703125,1141.0849957308744,1114.545872325845,1133.3319306753503,950691,1133.3319306753503
2022-06-03,1134.2762451171875,1154.8515090062624,1132.0894241359474,1147.0488181756236,917466,1147.0488181756236
2022-06-06,1135.12109375,1142.675290422139,1127.268655612047,1128.7596202710881,1199089,1128.7596202710881
2022-06-07,1127.467529296875,1131.1451936067574,1106.7927707215504,1128.2130116300957,848821,1128.2130116300957
2022-06-08,1129.20703125,1152.2174897472103,1122.3981952782347,1137.3575898708455,1387431,1137.3575898708455
2022-06-09,1156.6903076171875,1160.2189724305913,1123.7400864705264,1130.1014384696027,1142045,1130.1014384696027
2022-06-10,1147.943359375,1156.6902788234972,1145.3092976692276,1147.7942386492,611509,1147.7942386492
2022-06-13,1126.8709716796875,1154.8018049812688,1123.5411750789851,1130.200889615397,1014220,1130.200889615397
2022-06-14,1125.28076171875,1138.1030827256325,1117.378697145624,1118.2235528963638,768306,1118.2235528963638
2022-06-15,1118.9691162109375,1137.8049235527392,1116.0369338830153,1133.133282238924,947417,1133.133282238924
2022-06-16,1098.4931640625,1130.7974006307068,1093.2747873860974,1124.5353000850143,1385141,1124.5353000850143
2022-06-17,1075.5819091796875,1107.6376501959112,1069.4193036268546,1098.4931152462204,1535565,1098.4931152462204
2022-06-20,1069.468994140625,1086.2175956643052,1062.7100265678425,1071.6558152978687,532685,1071.6558152978687
2022-06-21,1089.7462158203125,1091.8832897668813,1070.8606605125558,1073.594096149205,659138,1073.594096149205
2022-06-22,1064.0020751953125,1089.3982228103462,1056.1993840890852,1088.901234570013,560136,1088.901234570013
2022-06-23,1067.3817138671875,1076.4766237363986,1055.0563801501987,1070.5127643251167,895014,1070.5127643251167
2022-06-24,1072.053466796875,1086.3170061588821,1065.6422451869978,1065.6422451869978,492066,1065.6422451869978
2022-06-27,1078.0172119140625,1089.994555385912,1070.5623885077184,1077.3711029518427,793805,1077.3711029518427
2022-06-28,1071.5562744140625,1083.4342435037943,1061.566763359681,1078.4643616528595,572706,1078.4643616528595
2022-06-29,1061.218994140625,1081.446390879502,1045.2159973661212,1063.6045619169215,1224658,1063.6045619169215
2022-06-30,1075.0848388671875,1086.06832650773,1051.1797794951367,1067.0336543773597,1569542,1067.0336543773597
2022-07-01,1093.2249755859375,1098.6918460675406,1068.5246850406068,1078.9116904216462,696341,1078.9116904216462
2022-07-04,1110.9178466796875,1115.2416201378167,1088.5036283291838,1098.3440198326982,1436248,1098.3440198326982
2022-07-05,1104.307861328125,1124.535258283468,1100.282208079105,1111.2656966380232,1020111,1111.2656966380232
2022-07-06,1109.377197265625,1118.2236127804044,1104.3079411546928,1107.4886175637016,602752,1107.4886175637016
2022-07-07,1117.825927734375,1123.1934250058316,1104.4569925813666,1114.9433716686835,792663,1114.9433716686835
2022-07-08,1139.99169921875,1142.476640527826,1120.758277753506,1128.9585840734571,1135110,1128.9585840734571
2022-07-11,1140.4886474609375,1148.142217890319,1134.1769210243672,1139.0473087512348,543156,1139.0473087512348
2022-07-12,1132.8846435546875,1140.090972719655,1127.2686524211929,1136.115066973466,331672,1136.115066973466
2022-07-13,1132.984130859375,1143.8682467350357,1130.7476836522562,1138.5503751967542,368619,1138.5503751967542
2022-07-14,1132.0894775390625,1139.9916634550327,1123.2431838242967,1136.2145042497236,728701,1136.2145042497236
2022-07-15,1148.4901123046875,1151.124174328603,1130.0021734477148,1137.75523877565,591171,1137.75523877565
2022-07-18,1170.0594482421875,1179.7009716510577,1150.3290392034044,1158.4298505203838,1044459,1158.4298505203838
2022-07-19,1162.9027099609375,1178.8063333088746,1148.5397986588384,1169.3139309240848,1099874,1169.3139309240848
2022-07-20,1178.906005859375,1191.777954414323,1156.4917847882107,1167.9225157938527,1608377,1167.9225157938527
2022-07-21,1161.5113525390625,1179.8501714552185,1155.9947341216673,1179.8501714552185,1048591,1179.8501714552185
2022-07-22,1157.932861328125,1169.1150968197333,1151.422388131801,1162.505250241599,753148,1162.505250241599
2022-07-25,1138.0533447265625,1164.94045757578,1132.3379798536437,1164.94045757578,934158,1164.94045757578
2022-07-26,1131.3438720703125,1143.172215310422,1128.1631961745725,1135.1210308646357,687125,1135.1210308646357
2022-07-27,1142.4268798828125,1170.4073429646407,1125.380158433775,1133.1332237619451,1554002,1133.1332237619451
2022-07-28,1184.2733154296875,1187.8019807265266,1140.5880944633384,1148.0429186101576,1043318,1148.0429186101576
2022-07-29,1286.603271484375,1296.8411571554989,1233.5248994103488,1255.0941420263814,7628351,1255.0941420263814
2022-08-01,1305.3892822265625,1309.3154405554874,1279.645268655793,1292.169347293326,2973441,1292.169347293326
2022-08-02,1277.45849609375,1304.892343419876,1272.7371079152704,1302.1091608017127,1673860,1302.1091608017127
2022-08-03,1275.818603515625,1279.7945095729865,1251.0188166818177,1275.2718678987283,1409000,1275.2718678987283
2022-08-04,1271.09716796875,1279.1979791924089,1262.5986205520655,1276.3651704985205,1015838,1276.3651704985205
2022-08-05,1259.0203857421875,1280.0926394726343,1253.3546467662952,1277.4585774225723,922856,1277.4585774225723
2022-08-08,1262.250732421875,1264.6859262179566,1243.7130471523608,1253.6030644078971,1002771,1253.6030644078971
2022-08-10,1265.53076171875,1286.5037617841963,1261.4058565384516,1262.3500856275527,1187710,1262.3500856275527
2022-08-11,1253.9013671875,1276.216091299832,1251.4661732723541,1271.8923177489487,943196,1271.8923177489487
2022-08-12,1278.800537109375,1282.080586816074,1244.9555881548677,1247.9375177073346,1572048,1247.9375177073346
2022-08-16,1301.7115478515625,1313.0429037634588,1279.2974514778066,1281.2356570409527,1710276,1281.2356570409527
2022-08-17,1297.4871826171875,1313.042938900691,1284.6648616720465,1297.1393151138545,1209377,1297.1393151138545
2022-08-18,1316.2236328125,1324.970674546818,1295.499247053772,1298.1333090458695,1498235,1298.1333090458695
2022-08-19,1289.1378173828125,1326.6604315455481,1285.559526127014,1312.0490250281093,961803,1312.0490250281093
2022-08-22,1268.31396484375,1303.5007558470143,1263.4932032725935,1284.2673355844515,966451,1284.2673355844515
2022-08-23,1271.5443115234375,1284.8636195695399,1262.3500298102526,1268.313888218805,803737,1268.313888218805
2022-08-24,1279.7447509765625,1282.179944881305,1264.5866092659664,1276.2658332069175,684029,1276.2658332069175
2022-08-25,1289.1875,1308.0730531996917,1280.2417116422514,1280.2417116422514,1286241,1280.2417116422514
2022-08-26,1305.786865234375,1319.5037893183594,1298.1332948020922,1298.1332948020922,869870,1298.1332948020922
2022-08-29,1290.380126953125,1303.0037001613775,1248.4343709843124,1248.4343709843124,737193,1248.4343709843124
2022-08-30,1321.0941162109375,1325.6167577320605,1292.2687982710831,1292.2687982710831,1086386,1292.2687982710831
2022-09-01,1288.740234375,1305.0910986920858,1283.2236164596213,1283.322989839129,2045072,1283.322989839129
2022-09-02,1280.4404296875,1303.103141552861,1274.9735591470417,1295.201077214751,1141002,1295.201077214751
2022-09-05,1285.609130859375,1288.193445294352,1274.2777753606167,1286.8516013891729,440939,1286.8516013891729
2022-09-06,1303.4510498046875,1309.067041257039,1277.3095408402787,1285.2116054254757,1792194,1285.2116054254757
2022-09-07,1323.529296875,1329.3440344290302,1293.3620166842054,1296.1451990812664,839563,1296.1451990812664
2022-09-08,1309.7628173828125,1332.2764099225776,1296.890869928644,1329.9405893577512,1205449,1329.9405893577512
2022-09-09,1289.634765625,1318.9570724712682,1283.5219071979484,1314.0866846732958,548609,1314.0866846732958
2022-09-12,1298.13330078125,1303.1031832497847,1287.2493067091675,1289.9827420668616,1002755,1289.9827420668616
2022-09-13,1316.4224853515625,1326.9586118603786,1303.1031761415404,1304.6438882323903,1160040,1304.6438882323903
2022-09-14,1295.4495849609375,1312.0489435153438,1292.1694140681418,1297.0895490723167,800852,1297.0895490723167
2022-09-15,1287.199462890625,1309.0669441134773,1268.9102725099642,1301.9599884490478,1441219,1301.9599884490478
2022-09-16,1264.5865478515625,1295.1015765579118,1258.374194993184,1281.2356535120175,1717631,1281.2356535120175
2022-09-19,1295.4495849609375,1300.1212258470225,1264.7853137206132,1270.7989199123992,859607,1270.7989199123992
2022-09-20,1301.41357421875,1314.5340164347863,1298.7795120360145,1301.9601885323168,671787,1301.9601885323168
2022-09-21,1298.4315185546875,1310.80647714137,1290.1814652735532,1301.4134479813597,453755,1301.4134479813597
2022-09-22,1277.7567138671875,1292.1196248939602,1261.3561026040147,1289.187442929399,932867,1289.187442929399
2022-09-23,1265.3321533203125,1282.1800073776437,1257.9270765265655,1266.3261298743741,415333,1266.3261298743741
2022-09-26,1252.211669921875,1264.1393881760855,1244.3094837774458,1264.1393881760855,1271968,1264.1393881760855
2022-09-27,1234.8170166015625,1262.9962252450596,1229.8471342540315,1258.374210394852,821405,1258.374210394852
2022-09-28,1231.338134765625,1243.3154787704652,1207.6814455694332,1220.1061517995713,1102669,1220.1061517995713
2022-09-29,1232.33203125,1243.4645187753742,1228.5548722672763,1237.5006601721352,1382993,1237.5006601721352
2022-09-30,1242.9178466796875,1250.422417672701,1227.1137176419834,1235.5127704031536,1344894,1235.5127704031536
2022-10-03,1229.7974853515625,1249.0806546707568,1220.4540815231871,1248.0369307602095,981699,1248.0369307602095
2022-10-04,1253.056396484375,1257.3801696386597,1242.5202707132985,1244.7069703004045,420656,1244.7069703004045
2022-10-06,1237.6497802734375,1272.2400873535873,1234.9659711023394,1259.3681410754953,900769,1259.3681410754953
2022-10-07,1235.7115478515625,1249.3290988302488,1230.8907860483691,1231.6362684303585,570691,1231.6362684303585
2022-10-10,1231.8350830078125,1236.4569765072986,1210.713083102569,1222.5910533388046,539842,1222.5910533388046
2022-10-11,1199.0836181640625,1235.5128839406627,1192.9210119270115,1232.5807015755402,712461,1232.5807015755402
2022-10-12,1204.8983154296875,1213.098621899495,1193.0700916503506,1198.7357094045703,721135,1198.7357094045703
2022-10-13,1180.7447509765625,1209.2222029902036,1177.911942116939,1199.7296785406477,689562,1199.7296785406477
2022-10-14,1172.6934814453125,1209.7191047509118,1170.5066604222263,1193.7657339603982,717290,1193.7657339603982
2022-10-17,1182.63330078125,1191.4299686325746,1160.5669494461222,1170.9043294228018,1615547,1170.9043294228018
2022-10-18,1211.70703125,1218.6151189941418,1185.9630171119136,1188.547331596448,1367703,1188.547331596448
2022-10-19,1219.70849609375,1226.3682112111303,1206.0413196982156,1212.651287458332,947326,1212.651287458332
2022-10-20,1215.58349609375,1222.5910788602498,1206.6874550701978,1212.6513139914673,878595,1212.6513139914673
2022-10-21,1238.842529296875,1242.7190617348567,1219.6091091771,1221.0503265015343,1020728,1221.0503265015343
2022-10-24,1250.0247802734375,1261.306388903646,1231.3380955002112,1261.306388903646,157253,1261.306388903646
2022-10-25,1247.2913818359375,1270.8983236177799,1235.7115313896295,1254.000723184461,1260061,1254.000723184461
2022-10-27,1245.3531494140625,1256.3862640161883,1236.0594936426553,1247.9374639812693,1512949,1247.9374639812693
2022-10-28,1245.2537841796875,1257.7281162177187,1236.953983493663,1251.6151365913431,528795,1251.6151365913431
2022-10-31,1258.324462890625,1266.0775278858766,1247.738710559633,1251.5157483423052,539055,1251.5157483423052
2022-11-01,1261.107666015625,1278.6513752522258,1252.460119125526,1258.3244833221343,1038607,1258.3244833221343
2022-11-02,1264.9842529296875,1271.693594495297,1254.895366901062,1267.4194468898615,369486,1267.4194468898615
2022-11-03,1268.3636474609375,1273.2837821601045,1255.392206766754,1255.392206766754,431610,1255.392206766754
2022-11-04,1257.9766845703125,1274.1288033429155,1251.9134519442175,1272.2899710111938,336277,1272.2899710111938
2022-11-07,1270.9481201171875,1274.2779172407882,1257.7779310349408,1264.2884045349601,474230,1264.2884045349601
2022-11-09,1256.1875,1282.2296347453166,1248.4841824269176,1282.2296347453166,992095,1282.2296347453166
2022-11-10,1230.890869140625,1260.46167228907,1218.5655353260315,1260.46167228907,497796,1260.46167228907
2022-11-11,1242.71923828125,1265.530952609508,1230.8908925301027,1243.4647207277294,1136441,1243.4647207277294
2022-11-14,1241.0789794921875,1252.3109619862125,1232.4810588752587,1243.464547255124,772676,1243.464547255124
2022-11-15,1251.714599609375,1254.3982875066424,1231.0398407899975,1241.0789787288713,775345,1241.0789787288713
2022-11-16,1247.3411865234375,1257.9270609602022,1238.7930125312944,1252.4104426194153,1280120,1252.4104426194153
2022-11-17,1246.79443359375,1253.5535225179647,1236.5068007962525,1247.937530867922,796479,1247.937530867922
2022-11-18,1235.26416015625,1253.4042292955392,1230.1949048281626,1246.7942620270978,1253218,1246.7942620270978
2022-11-21,1219.2115478515625,1241.3772722850038,1198.2386680164132,1222.690465593626,1040107,1222.690465593626
2022-11-22,1221.64697265625,1228.5053140377934,1212.3035684724387,1225.2748901303876,750489,1225.2748901303876
2022-11-23,1218.913330078125,1227.5608763817895,1209.818421585298,1227.5111290268785,880563,1227.5111290268785
2022-11-24,1233.177001953125,1237.8486430939827,1212.8998565441404,1222.5911276781749,1717980,1222.5911276781749
2022-11-25,1227.8094482421875,1247.390736385266,1221.6964686166007,1240.6813951380411,1429364,1240.6813951380411
2022-11-28,1245.949462890625,1261.853085871279,1219.6090873289165,1222.5910166377892,1073327,1222.5910166377892
2022-11-29,1250.820068359375,1265.6303426716565,1240.432940996405,1245.9495591781517,1070183,1245.9495591781517
2022-11-30,1275.17236328125,1281.9313300821584,1245.2039501910506,1250.7701938315079,1401332,1250.7701938315079
2022-12-01,1282.97509765625,1290.3305476235485,1268.5126918331496,1282.2296153217605,949604,1282.2296153217605
2022-12-02,1287.3487548828125,1292.1197695287754,1257.380337589465,1284.2177044787263,1614314,1284.2177044787263
2022-12-05,1276.8126220703125,1290.2809314820684,1265.9782534402648,1290.2809314820684,684421,1290.2809314820684
2022-12-06,1277.359130859375,1305.5880867313815,1273.8305872097603,1278.253733944847,1991151,1278.253733944847
2022-12-07,1254.4481201171875,1288.7899362058351,1251.416443186261,1278.1544359375473,636553,1278.1544359375473
2022-12-08,1259.2191162109375,1261.107695845119,1234.5188242282861,1234.5188242282861,608199,1234.5188242282861
2022-12-09,1262.0023193359375,1269.308022528277,1249.4782393869234,1269.308022528277,679420,1269.308022528277
2022-12-12,1255.591064453125,1265.3320826730694,1245.502300060709,1261.306429319873,498780,1261.306429319873
2022-12-13,1270.103271484375,1272.637838860635,1251.6649581313557,1257.8773115070323,598044,1257.8773115070323
2022-12-14,1262.1015625,1278.253679366017,1258.9705125020464,1277.2597029434928,609946,1277.2597029434928
2022-12-15,1265.8291015625,1287.19959679893,1261.0083396947753,1267.2703189862957,1303760,1267.2703189862957
2022-12-16,1246.595703125,1271.0475017658657,1243.0670378705443,1255.3923712455824,722024,1255.3923712455824
2022-12-19,1259.8651123046875,1263.2446563995684,1243.8123688552623,1246.6451773851581,378502,1246.6451773851581
2022-12-20,1223.83349609375,1261.356106836929,1221.6467964519945,1252.4103188451777,1478618,1252.4103188451777
2022-12-21,1226.914794921875,1237.3019215249042,1214.2415953069699,1223.6347454696142,1281437,1223.6347454696142
2022-12-22,1237.252197265625,1241.4765972161201,1221.7461887731636,1226.9645651825988,1176517,1226.9645651825988
2022-12-23,1217.2236328125,1240.4827078517249,1209.4209413289955,1231.8351605858072,877135,1231.8351605858072
2022-12-26,1235.81103515625,1241.824520200539,1197.7416865437146,1215.5835162449418,567165,1215.5835162449418
2022-12-27,1233.5745849609375,1247.192014489093,1227.6603519796413,1236.009778854104,471890,1236.009778854104
2022-12-28,1234.5684814453125,1242.3711722045596,1224.6783431014776,1233.5247576530185,376439,1233.5247576530185
2022-12-29,1251.018798828125,1255.1935729297893,1221.6468660495568,1230.5429071919357,678487,1230.5429071919357
2022-12-30,1223.88330078125,1256.18753670916,1221.3983595560262,1254.3983304929905,1052741,1254.3983304929905
2023-01-02,1232.58056640625,1240.1347632882557,1214.6392426433456,1222.591054379145,703923,1222.591054379145
2023-01-03,1260.759765625,1267.3199859913636,1219.012754321755,1237.2024507314443,1871263,1237.2024507314443
2023-01-04,1251.4661865234375,1274.5761406223646,1245.5023274011337,1260.7100953619938,1073081,1260.7100953619938
2023-01-05,1260.0142822265625,1266.8727440590776,1247.4902031130662,1253.0564470151737,878852,1253.0564470151737
2023-01-06,1261.406005859375,1279.5957041619813,1258.8713170896121,1263.2944642611264,1675874,1263.2944642611264
2023-01-09,1298.481201171875,1305.9857724234287,1263.4932762413089,1267.717676446549,1432882,1267.717676446549
2023-01-10,1294.7537841796875,1305.7372732045123,1290.0821430931694,1298.4811961109597,1000059,1298.4811961109597
2023-01-11,1283.5218505859375,1301.2643061196209,1279.5955707702094,1301.2643061196209,652049,1301.2643061196209
2023-01-12,1307.7747802734375,1312.048927586704,1283.521851710303,1283.521851710303,1377949,1283.521851710303
2023-01-13,1305.0413818359375,1318.012823542822,1298.1332937759619,1311.0549881244208,1214977,1311.0549881244208
2023-01-16,1293.06396484375,1314.782325619104,1287.199479627095,1311.6016495702472,600742,1311.6016495702472
2023-01-17,1290.6287841796875,1302.5068765817111,1286.7026253978838,1296.841137527495,895667,1296.841137527495
2023-01-18,1302.75537109375,1314.0369805096375,1294.3065705382796,1301.1152855424475,1078873,1301.1152855424475
2023-01-19,1315.1302490234375,1321.9887109638628,1295.7477077724636,1305.0911108989112,1189082,1305.0911108989112
2023-01-20,1288.2928466796875,1317.9630193093428,1284.5654350092532,1316.0745611310015,966855,1316.0745611310015
2023-01-23,1287.59716796875,1310.2101330908858,1272.2899057729155,1277.259788217341,1367408,1277.259788217341
2023-01-24,1265.58056640625,1293.163414014947,1262.548889576511,1288.1935315629296,657428,1288.1935315629296
2023-01-25,1249.875732421875,1271.0972282917623,1242.5204032072804,1265.5308626855476,599832,1265.5308626855476
2023-01-27,1242.71923828125,1283.72077283762,1222.5912122263048,1256.0881749541015,1164597,1256.0881749541015
2023-01-30,1226.020263671875,1236.9540051565439,1208.2778074387577,1214.6392812968422,1694822,1214.6392812968422
2023-01-31,1212.2041015625,1236.2085372160902,1205.2462659910193,1236.2085372160902,1760628,1236.2085372160902
2023-02-01,1102.7176513671875,1221.3487329181064,1062.4118521761416,1212.2041968394265,8470232,1212.2041968394265
2023-02-02,1100.828857421875,1148.0427361826326,1082.1918000163128,1083.6330172550058,8566734,1083.6330172550058
2023-02-03,1131.195068359375,1138.7492659197694,1108.2838602041038,1108.2838602041038,4061171,1108.2838602041038
2023-02-06,1131.5428466796875,1139.9418993837219,1108.283772830413,1120.410237326478,2909587,1120.410237326478
2023-02-07,1124.9329833984375,1140.9359819127124,1117.6769059014841,1136.115219813929,1741642,1136.115219813929
2023-02-08,1157.485595703125,1164.9404192048626,1128.3124106666621,1133.1331722641155,3265863,1133.1331722641155
2023-02-09,1173.3394775390625,1177.862119019516,1155.7461425231581,1163.5488335593639,2186484,1163.5488335593639
2023-02-10,1177.3651123046875,1180.3470416731247,1160.0202716789502,1172.7430975166062,1655228,1172.7430975166062
2023-02-13,1171.9976806640625,1180.7943485254948,1165.9841955693655,1173.0910305599143,812659,1173.0910305599143
2023-02-14,1154.7025146484375,1174.333551596749,1148.1422936567672,1170.9043810182707,990530,1170.9043810182707
2023-02-15,1173.2401123046875,1176.719029979954,1143.0729504447368,1153.9073183289995,1243115,1153.9073183289995
2023-02-16,1167.0277099609375,1179.154295288631,1162.5051899753544,1179.154295288631,356750,1179.154295288631
2023-02-17,1142.774658203125,1168.5186721235084,1130.3997001276869,1168.5186721235084,909951,1168.5186721235084
2023-02-20,1151.42236328125,1163.5985749982083,1134.2762692308393,1137.1090778939035,488052,1137.1090778939035
2023-02-21,1143.4207763671875,1160.9644848443818,1137.3077969787864,1157.1873258288615,610755,1157.1873258288615
2023-02-22,1124.3365478515625,1142.029256838822,1118.3726888218075,1141.9796308145876,944068,1141.9796308145876
2023-02-23,1128.5609130859375,1135.0217601683078,1117.0804362747954,1130.0021304395357,768179,1130.0021304395357
2023-02-24,1115.29150390625,1135.469156290431,1112.4585734994125,1129.2568024772531,973799,1129.2568024772531
2023-02-27,1122.3486328125,1128.1633712962287,1103.7611987399075,1115.2914236555378,987563,1115.2914236555378
2023-02-28,1114.2476806640625,1128.0639785806932,1102.3697097654804,1124.5850607552477,1219508,1124.5850607552477
2023-03-01,1111.414794921875,1119.8635947703447,1102.1211393555616,1119.8635947703447,675500,1119.8635947703447
2023-03-02,1093.523193359375,1116.2355305101432,1091.4854931445632,1114.9433126175777,491880,1114.9433126175777
2023-03-03,1122.447998046875,1125.8771685460829,1093.5233052510825,1093.5233052510825,922485,1093.5233052510825
2023-03-06,1121.901123046875,1139.0472160829077,1118.2234588717013,1125.1812937269028,920574,1125.1812937269028
2023-03-08,1122.398193359375,1134.4254058426493,1104.0096284682772,1123.1934230778627,959097,1123.1934230778627
2023-03-09,1090.0938720703125,1127.8649753647085,1085.4222315126412,1122.398105151046,1239659,1122.398105151046
2023-03-10,1089.298828125,1093.920842936706,1077.4207366123344,1086.41627212044,893708,1086.41627212044
2023-03-13,1066.039794921875,1094.7657400030912,1059.7280684217428,1085.4223366477274,875379,1085.4223366477274
2023-03-14,1070.612060546875,1085.9690702250343,1064.548828182773,1068.3259874050118,1089923,1068.3259874050118
2023-03-15,1060.6226806640625,1074.8862192770225,1055.6030507681146,1073.4946278997775,1566147,1073.4946278997775
2023-03-16,1058.7296142578125,1084.5340863108652,1050.7092642886334,1067.9952310109422,1023855,1067.9952310109422
2023-03-17,1067.6466064453125,1087.0746666356836,1062.216761347786,1064.05991196493,1569036,1064.05991196493
2023-03-20,1070.1373291015625,1085.9288298234644,1050.1115077837585,1067.6465522804435,842875,1067.6465522804435
2023-03-21,1093.6502685546875,1095.6428900673097,1071.0839272202138,1071.0839272202138,842669,1071.0839272202138
2023-03-22,1108.993408203125,1123.4897774362034,1098.980558709106,1115.3698209631723,1399723,1115.3698209631723
2023-03-23,1114.5230712890625,1121.3976399513735,1100.9234049044842,1109.6909883607602,463672,1109.6909883607602
2023-03-24,1108.0968017578125,1117.7112251165265,1084.4842849008392,1105.9049666880398,1019781,1105.9049666880398
2023-03-27,1095.2445068359375,1112.4806106370395,1091.0599285202009,1105.6060418197344,1078978,1105.6060418197344
2023-03-28,1087.27392578125,1102.4177999156593,1084.035915975804,1100.7241203577175,609715,1100.7241203577175
2023-03-29,1094.646484375,1101.9196009132775,1079.2535331729728,1089.9638728744355,890212,1089.9638728744355
2023-03-31,1097.0377197265625,1108.8439775449722,1093.201947742686,1096.141015746185,959958,1096.141015746185
2023-04-03,1099.7279052734375,1122.643053581451,1087.7721757214304,1095.941875600647,1689388,1095.941875600647
2023-04-05,1101.4713134765625,1114.7720366406647,1096.3900317469447,1105.4565561696243,713828,1105.4565561696243
2023-04-06,1112.1318359375,1115.8680011198207,1100.9233403905375,1104.8089765041432,959185,1104.8089765041432
2023-04-10,1102.1688232421875,1115.3200771630552,1099.9769881286998,1115.270334595004,985731,1115.270334595004
2023-04-11,1108.545166015625,1127.6742835209488,1104.310845382731,1106.80162222561,913188,1106.80162222561
2023-04-12,1122.6927490234375,1125.8311522230968,1107.9971653992864,1114.3735785500298,784276,1114.3735785500298
2023-04-13,1126.0802001953125,1134.7979190643318,1119.355102782069,1122.6927193965012,1508398,1122.6927193965012
2023-04-17,1141.12451171875,1146.504614180108,1114.8717473539352,1115.868058120114,1053536,1115.868058120114
2023-04-18,1141.3238525390625,1149.0452610154764,1135.893885864314,1141.1245174128521,521013,1141.1245174128521
2023-04-19,1119.2554931640625,1141.0248581886153,1116.366167736602,1135.7942268806123,1033060,1135.7942268806123
2023-04-20,1124.685302734375,1127.6244922540063,1108.39564720949,1119.2554580993992,663526,1119.2554580993992
2023-04-21,1102.4676513671875,1132.4067148659658,1099.2793841620542,1132.4067148659658,835506,1132.4067148659658
2023-04-24,1101.6207275390625,1109.541470829107,1086.5764598123862,1101.9196694065972,1337055,1101.9196694065972
2023-04-25,1101.770263671875,1118.0101782097508,1096.9880448480615,1101.9197346144874,1099269,1101.9197346144874
2023-04-26,1114.17431640625,1117.8606173877981,1099.9270245954804,1101.9196460168491,993607,1101.9196460168491
2023-04-27,1132.8551025390625,1140.7757237634994,1120.8495102479797,1134.5487820398994,1895316,1134.5487820398994
2023-04-28,1135.893798828125,1143.7646776411102,1125.9805560627553,1143.7646776411102,1380448,1143.7646776411102
2023-05-02,1146.654052734375,1153.9769123349772,1140.1281687522269,1142.7684165320259,916515,1142.7684165320259
2023-05-03,1132.7056884765625,1145.8569414090282,1130.1153049134964,1144.2628685717539,623440,1144.2628685717539
2023-05-04,1163.1429443359375,1165.583978661988,1132.755466254641,1132.755466254641,2409910,1132.755466254641
2023-05-05,1169.369873046875,1178.884689311957,1163.1927950743373,1167.676193427943,1360996,1167.676193427943
2023-05-08,1177.9879150390625,1181.3255315125223,1163.6908810217337,1173.6539878797967,1221625,1173.6539878797967
2023-05-09,1178.7850341796875,1185.559873997315,1172.5580922774789,1179.5820097711949,1412254,1179.5820097711949
2023-05-10,1184.414306640625,1190.5913848428684,1176.991718340544,1180.030514874532,1420187,1180.030514874532
2023-05-11,1181.0267333984375,1191.3883890488796,1174.7001847490678,1184.7130343569795,621616,1184.7130343569795
2023-05-12,1182.670654296875,1189.5451007682125,1169.6687511324706,1175.6466152779517,1158276,1175.6466152779517
2023-05-15,1185.061767578125,1190.093185490848,1176.742597177255,1176.742597177255,680497,1176.742597177255
2023-05-16,1176.3939208984375,1197.3663108844817,1169.8680368222197,1191.5876598725652,926172,1191.5876598725652
2023-05-17,1158.3109130859375,1180.5784351675102,1154.923432038054,1178.4364642410274,688730,1178.4364642410274
2023-05-18,1148.4473876953125,1168.5230742404542,1146.2555526268468,1158.310888743344,1133501,1158.310888743344
2023-05-19,1149.8919677734375,1153.4287976297337,1138.3347884895663,1148.4472443504828,333053,1148.4472443504828
2023-05-22,1146.554443359375,1155.6208467307888,1144.9602488861904,1153.1798124562017,392404,1153.1798124562017
2023-05-23,1161.2998046875,1163.5415039113125,1140.6263562901179,1142.7684487613099,1139676,1142.7684487613099
2023-05-24,1171.0137939453125,1172.8072019099986,1154.524924310954,1165.185400490026,995336,1165.185400490026
2023-05-25,1173.00634765625,1177.639216614129,1167.1779545376078,1171.0137263083411,1136179,1171.0137263083411
2023-05-26,1191.338623046875,1199.2592451521573,1168.8220235942772,1170.665174225447,703725,1170.665174225447
2023-05-29,1213.6060791015625,1227.355215859943,1192.6835537161783,1194.5267042475648,1370649,1194.5267042475648
2023-05-30,1211.4141845703125,1213.307199193233,1196.4196601334434,1210.168796215754,745769,1210.168796215754
2023-05-31,1230.4437255859375,1235.07659470667,1207.478715096046,1211.0655309443289,2382996,1211.0655309443289
2023-06-01,1203.2943115234375,1238.4142655546534,1199.9566948260242,1236.9197994256656,1041761,1236.9197994256656
2023-06-02,1198.063720703125,1211.7131298294682,1194.8257106471706,1207.3294596650744,737046,1207.3294596650744
2023-06-05,1210.9161376953125,1214.5028321537254,1200.554481333256,1203.5434136519282,1599077,1203.5434136519282
2023-06-06,1218.488037109375,1220.4806585927918,1205.635604217344,1215.349633949001,793761,1215.349633949001
2023-06-07,1241.2039794921875,1243.3958144915425,1216.4954242741774,1220.7796091419657,1067618,1220.7796091419657
2023-06-08,1234.329345703125,1250.1208459120733,1229.4972631511066,1243.096806856694,760962,1243.096806856694
2023-06-09,1227.853271484375,1248.9750086525253,1222.9713249670335,1223.0709317082133,1904738,1223.0709317082133
2023-06-12,1234.329345703125,1251.6651761389876,1230.2942387359994,1237.617098028229,1402903,1237.617098028229
2023-06-13,1238.7132568359375,1244.1929661941244,1233.4327609882423,1233.4327609882423,1253147,1233.4327609882423
2023-06-14,1237.716796875,1250.3200295839233,1223.120821201475,1235.524840423916,713768,1235.524840423916
2023-06-15,1236.521240234375,1245.9861923037524,1231.8883709501079,1240.4068764605333,738348,1240.4068764605333
2023-06-16,1276.622802734375,1287.1836727537054,1231.4899970504512,1236.4216867986386,2049003,1236.4216867986386
2023-06-19,1275.77587890625,1283.3976802498696,1270.2961699378905,1276.6227186955496,741782,1276.6227186955496
2023-06-20,1290.571044921875,1301.9788754442152,1275.7758553050005,1277.1208504301785,1474323,1277.1208504301785
2023-06-21,1290.1724853515625,1301.4807090314778,1281.5046309563422,1290.5710339534023,855234,1290.5710339534023
2023-06-22,1271.7906494140625,1301.1818160084338,1268.2536976674328,1291.1191019390992,556505,1291.1191019390992
2023-06-23,1258.04150390625,1270.1965677241615,1255.849668959066,1266.5101450694012,1076729,1266.5101450694012
2023-06-26,1261.6781005859375,1271.4917372011498,1258.5396973829093,1262.275862715094,1009927,1262.275862715094
2023-06-27,1281.6541748046875,1285.240869185398,1253.5083960802785,1263.820188032308,1650539,1263.820188032308
2023-06-28,1295.1043701171875,1307.7574680124537,1280.2593155967804,1285.2408693539664,2245575,1285.2408693539664
2023-06-30,1302.0784912109375,1310.5968748093828,1296.200233698,1296.2500978814835,972782,1296.2500978814835
2023-07-03,1293.161376953125,1307.1595904223213,1286.2370664902567,1303.1244835874415,599025,1303.1244835874415
2023-07-04,1284.49365234375,1315.1800725195142,1278.1172391308678,1315.1302083333333,866223,1315.1302083333333
2023-07-05,1286.78515625,1311.8422735072354,1280.3588791480765,1284.7925348143574,960704,1284.7925348143574
2023-07-06,1288.179931640625,1306.9106223315557,1284.5932372755433,1293.2113495607848,726222,1293.2113495607848
2023-07-07,1289.22607421875,1313.1375315458365,1283.6965010638767,1287.831214884011,939840,1287.831214884011
2023-07-10,1288.5286865234375,1297.1965410298003,1278.4658510827687,1295.9012884622016,675354,1295.9012884622016
2023-07-11,1290.222412109375,1303.921684824822,1284.742703023196,1293.9585773954059,821816,1293.9585773954059
2023-07-12,1295.8016357421875,1301.7794997744782,1286.2370776145137,1286.2370776145137,905809,1286.2370776145137
2023-07-13,1309.1024169921875,1331.0711169338783,1300.2353489133718,1307.1596597434493,1579954,1307.1596597434493
2023-07-14,1315.4290771484375,1321.1578637226082,1306.5120233349264,1315.6282906421638,1321159,1315.6282906421638
2023-07-17,1309.6505126953125,1323.64872772091,1291.9659964531354,1316.126532727659,1055414,1316.126532727659
2023-07-18,1309.7003173828125,1317.4217255321373,1300.8331275712085,1310.148608562853,1427102,1310.148608562853
2023-07-19,1305.6153564453125,1316.674502920218,1302.4272107354063,1309.7500703271953,659900,1309.7500703271953
2023-07-20,1309.2021484375,1316.7242213910292,1298.3423372806585,1310.1485949721953,898725,1310.1485949721953
2023-07-21,1285.938232421875,1317.8700405091488,1283.2482420531344,1309.949418718996,524241,1309.949418718996
2023-07-24,1312.2906494140625,1319.5139019152225,1283.1485617369683,1285.9381586964764,1183272,1285.9381586964764
2023-07-25,1296.2998046875,1315.1301009108972,1285.3403871799092,1313.1374795458808,1362929,1313.1374795458808
2023-07-26,1287.881103515625,1295.154098952032,1270.5452723004132,1285.2408557283143,2302730,1285.2408557283143
2023-07-27,1291.7169189453125,1307.159735947744,1287.9807535414984,1290.2224527837868,1946045,1290.2224527837868
2023-07-28,1284.9918212890625,1297.1467640888184,1276.5730438933258,1297.1467640888184,1051700,1297.1467640888184
2023-07-31,1277.4197998046875,1292.1651253251769,1265.3146003669488,1292.1651253251769,1061701,1292.1651253251769
2023-08-01,1275.227783203125,1280.259200694302,1256.4473515480593,1280.259200694302,1219778,1280.259200694302
2023-08-02,1257.59326171875,1280.1597248448265,1247.8293675846523,1275.2777777777778,888107,1275.2777777777778
2023-08-03,1249.12451171875,1270.0969001248018,1247.0322836203209,1255.301589270294,871719,1255.301589270294
2023-08-04,1263.222412109375,1282.4013938625642,1249.373668493469,1254.3053580105895,1609140,1254.3053580105895
2023-08-07,1297.74462890625,1300.8829105038428,1261.8774415512175,1268.3035973043413,1719680,1268.3035973043413
2023-08-08,1344.371826171875,1353.737171127772,1288.9769752688537,1302.0784853704574,3458915,1302.0784853704574
2023-08-09,1344.371826171875,1368.9309093869797,1338.0452775158033,1360.960423742805,1746764,1360.960423742805
2023-08-10,1329.42724609375,1353.8867240434606,1325.192925338869,1339.9881158878127,841571,1339.9881158878127
2023-08-11,1306.6614990234375,1335.0563543205537,1300.0858726470447,1335.0563543205537,891342,1335.0563543205537
2023-08-14,1292.314697265625,1311.0951312732666,1287.1836723894867,1309.152373886947,888959,1309.152373886947
2023-08-16,1286.5361328125,1295.1541235890302,1276.2740833382964,1290.2224339758734,395774,1290.2224339758734
2023-08-17,1279.711181640625,1285.190890283692,1271.541482857125,1281.753667146477,843146,1281.753667146477
2023-08-18,1277.7186279296875,1281.1061086850134,1261.3293653143064,1273.833113436773,886254,1273.833113436773
2023-08-21,1273.8331298828125,1285.0416255723762,1269.5988092889772,1278.2167997898723,703317,1278.2167997898723
2023-08-22,1282.0029296875,1308.3553018595885,1274.0324432390835,1279.6117594289806,1405263,1279.6117594289806
2023-08-23,1295.4530029296875,1299.687323454549,1281.5046529654378,1285.1909539508626,583458,1285.1909539508626
2023-08-24,1288.97705078125,1306.8110377788544,1285.3903563552433,1295.1043863031598,618797,1295.1043863031598
2023-08-25,1291.6171875,1293.7592797820507,1277.7185805675936,1288.279571052131,487521,1288.279571052131
2023-08-28,1286.78515625,1302.1781081923536,1284.7925348143574,1295.203933167605,764751,1295.203933167605
2023-08-29,1292.4141845703125,1296.8478401338855,1285.240796216159,1287.2334176056413,1011094,1287.2334176056413
2023-08-30,1295.8016357421875,1303.0248881145387,1288.5286408082072,1297.146630825462,812860,1297.146630825462
2023-08-31,1287.7813720703125,1303.772084941,1281.7536440236972,1300.0359200244911,1390078,1300.0359200244911
2023-09-01,1315.67822265625,1322.2039851617262,1288.4290260765501,1293.1615021861555,761000,1293.1615021861555
2023-09-04,1323.4493408203125,1327.5341905107675,1296.6984219033486,1323.5988117545896,542261,1323.5988117545896
2023-09-05,1304.6190185546875,1334.010184679762,1300.8331108054676,1323.4493154130494,1922115,1323.4493154130494
2023-09-06,1314.930908203125,1324.096917979075,1300.6337523872187,1305.167014712256,1461738,1305.167014712256
2023-09-07,1342.5286865234375,1346.3147158829534,1306.6116366515796,1315.1301419005101,1468196,1315.1301419005101
2023-09-08,1336.5009765625,1344.4714623813406,1329.4271947222712,1343.0268604746605,1214231,1343.0268604746605
2023-09-11,1345.1689453125,1351.8441785003286,1332.0674349973224,1339.4899012264734,844034,1339.4899012264734
2023-09-12,1341.532470703125,1347.8092772905331,1326.3885954337807,1347.8092772905331,1139357,1347.8092772905331
2023-09-13,1340.5360107421875,1346.06558362623,1323.3496516301082,1345.0194087714256,438029,1345.0194087714256
2023-09-14,1347.75927734375,1355.7297628131641,1337.2980151651439,1340.5360248870934,889229,1340.5360248870934
2023-09-15,1367.5859375,1369.7777724414136,1347.0120967573398,1350.2999707894214,878944,1350.2999707894214
2023-09-18,1368.6319580078125,1387.860803138621,1362.5047445074385,1369.9272105639654,1324270,1369.9272105639654
2023-09-20,1340.2371826171875,1371.7206998566476,1335.4050997663098,1364.9457380562653,574012,1364.9457380562653
2023-09-21,1329.2777099609375,1346.9124826236482,1323.1504963474133,1340.536069710916,783641,1340.536069710916
2023-09-22,1313.984375,1332.665201088884,1311.1449137584818,1321.1578851901083,1084861,1321.1578851901083
2023-09-25,1289.37548828125,1335.0563085443935,1284.3440707092757,1313.9345708183898,908011,1313.9345708183898
2023-09-26,1284.94189453125,1297.5452495377401,1280.4584962647489,1290.7205453893916,749346,1290.7205453893916
2023-09-27,1296.2003173828125,1299.1892497057552,1273.2353053868824,1278.5656653254377,643756,1278.5656653254377
2023-09-28,1284.64306640625,1303.672576830025,1279.7611195553436,1296.2002464316872,1026081,1296.2002464316872
2023-09-29,1300.583984375,1307.159610530813,1284.2444649193735,1285.1909114162115,1294800,1285.1909114162115
2023-10-03,1287.6817626953125,1297.346049810994,1277.91799044994,1297.346049810994,1282289,1297.346049810994
2023-10-04,1265.8626708984375,1292.9124104401344,1259.6854712821294,1286.8349391947063,1139615,1286.8349391947063
2023-10-05,1269.7481689453125,1277.3699704002938,1260.2832169525811,1266.310945553832,979561,1266.310945553832
2023-10-06,1278.216796875,1282.7999235091397,1267.3072430766877,1271.2924859794446,784191,1271.2924859794446
2023-10-09,1272.537841796875,1285.9880362492202,1267.307210620963,1273.3846815680308,1345177,1273.3846815680308
2023-10-10,1297.246337890625,1307.7573423361946,1275.0784258014971,1280.2591925631098,1221002,1280.2591925631098
2023-10-11,1304.5194091796875,1306.1134819982517,1286.3866028310954,1305.167035467843,1374812,1305.167035467843
2023-10-12,1308.8035888671875,1312.5397540306915,1296.1503698748115,1307.1097876877564,726322,1307.1097876877564
2023-10-13,1311.5931396484375,1324.7445135323428,1308.0064455419017,1310.9953775673407,916350,1310.9953775673407
2023-10-16,1317.322021484375,1327.2851289577707,1305.7150985738406,1314.3330892423564,578729,1314.3330892423564
2023-10-17,1343.37548828125,1346.11534266599,1320.1116581020838,1320.1116581020838,1073063,1320.1116581020838
2023-10-18,1351.345947265625,1353.5876462637277,1334.0599815375792,1339.0913990479694,454861,1339.0913990479694
2023-10-19,1343.17626953125,1348.6061140972122,1333.661453875346,1344.0231092864979,595436,1344.0231092864979
2023-10-20,1357.622802734375,1363.6006669478284,1331.5692535467488,1335.0563410045966,936229,1335.0563410045966
2023-10-23,1333.4622802734375,1361.5084511193788,1324.146799447155,1354.9327031290995,976136,1354.9327031290995
2023-10-25,1309.3017578125,1341.1338366879777,1303.8220488491497,1318.1689475499136,945901,1318.1689475499136
2023-10-26,1300.783203125,1310.945645061419,1285.9880138095784,1310.945645061419,1107874,1310.945645061419
2023-10-27,1298.09326171875,1315.8275195669644,1288.877387556572,1302.7758734558722,654531,1302.7758734558722
2023-10-30,1321.3072509765625,1325.7906492937925,1300.1855119967086,1300.3847254961556,1242401,1300.3847254961556
2023-10-31,1362.8037109375,1370.3259061667836,1314.6321078170427,1320.1118172471251,2287988,1320.1118172471251
2023-11-01,1331.1209716796875,1372.866293099358,1327.484413267102,1365.9918465018197,968893,1365.9918465018197
2023-11-02,1338.54345703125,1352.7408848412203,1335.2058404314948,1337.04899094599,637519,1337.04899094599
2023-11-03,1324.4456787109375,1344.9696559535143,1321.2076687550466,1339.8387528578442,690163,1339.8387528578442
2023-11-06,1326.9364013671875,1335.7537268704034,1318.5176244739391,1330.0748044432366,377106,1330.0748044432366
2023-11-07,1335.9031982421875,1339.0914655030192,1315.528692762955,1327.5840280936975,1038346,1327.5840280936975
2023-11-08,1340.5360107421875,1344.371782509878,1329.7758068240341,1337.1983943110793,498283,1337.1983943110793
2023-11-09,1345.716796875,1348.3570445207029,1330.5230588915651,1340.1374813493364,493454,1340.1374813493364
2023-11-10,1350.3995361328125,1354.9825409915866,1336.0526378453806,1346.812841965944,639801,1346.812841965944
2023-11-13,1323.4493408203125,1354.6836580458166,1320.1117241812806,1346.5139586649063,1332535,1346.5139586649063
2023-11-15,1352.09326171875,1353.9862764218458,1327.1357510083376,1343.97330497913,742427,1343.97330497913
2023-11-16,1354.9326171875,1360.0636413490233,1343.0766177714927,1357.7223356500617,577249,1357.7223356500617
2023-11-17,1408.7335205078125,1429.1578906536408,1349.0047403634853,1349.0047403634853,3192944,1349.0047403634853
2023-11-20,1380.1893310546875,1414.7612654425152,1377.8977676809848,1408.7335367551439,726211,1408.7335367551439
2023-11-21,1418.397705078125,1419.8921710782874,1381.9825015595195,1383.8755161503827,2049132,1383.8755161503827
2023-11-22,1424.823974609375,1433.2428733914278,1412.1210125882574,1419.7428141249209,865655,1419.7428141249209
2023-11-23,1405.74462890625,1429.1081893786,1401.1616236992538,1424.8240044299057,549853,1424.8240044299057
2023-11-24,1404.4991455078125,1413.715019485213,1395.881155246535,1408.7833301669118,387896,1408.7833301669118
2023-11-28,1407.239013671875,1412.0712179112752,1387.960425757636,1404.5988875863795,1123470,1404.5988875863795
2023-11-29,1402.656005859375,1416.5546132072132,1400.8128553736647,1410.2279429157813,887709,1410.2279429157813
2023-11-30,1429.9549560546875,1438.8718883206134,1403.8516639267561,1404.798110459578,3027395,1404.798110459578
2023-12-01,1418.397705078125,1439.668913489779,1414.8607535630922,1432.744603003675,808841,1432.744603003675
2023-12-04,1448.6358642578125,1453.3184762439464,1409.7797441023415,1434.5879066794434,2078827,1434.5879066794434
2023-12-05,1455.5601806640625,1466.6690701489647,1437.676450869152,1448.635869413546,1932719,1448.635869413546
2023-12-06,1445.347900390625,1457.5527066053646,1439.8184489142902,1456.6062600775117,724418,1456.6062600775117
2023-12-07,1450.37939453125,1477.9771540429856,1444.7502143912845,1451.4753120475345,1244939,1451.4753120475345
2023-12-08,1459.79443359375,1464.1284825671369,1446.194889419204,1449.6321127912397,1654799,1449.6321127912397
2023-12-11,1455.21142578125,1462.8830913629836,1449.6321100254195,1459.7944308085407,731571,1459.7944308085407
2023-12-12,1475.9844970703125,1486.3960172749048,1454.5638161611064,1459.0970786759237,1763549,1459.0970786759237
2023-12-13,1461.388671875,1477.6783284821233,1454.6137100568858,1477.6783284821233,2279728,1477.6783284821233
2023-12-14,1464.42724609375,1472.1486539555983,1449.582192461173,1467.5656490970734,2953215,1467.5656490970734
2023-12-15,1447.141357421875,1479.5214566412972,1443.2557211915514,1468.5620384439544,1482700,1468.5620384439544
2023-12-18,1441.61181640625,1456.0085799688059,1436.3314423104064,1447.1413898139388,1580916,1447.1413898139388
2023-12-19,1419.29443359375,1442.6578704864492,1413.8147248315431,1439.619074252152,1282514,1439.619074252152
2023-12-20,1404.0509033203125,1431.6985262169871,1398.870136146218,1431.6985262169871,1151553,1431.6985262169871
2023-12-21,1398.5711669921875,1405.0970508272055,1374.8589233134542,1396.3294678821378,1841616,1396.3294678821378
2023-12-22,1389.1561279296875,1412.4697021930588,1381.9328749892927,1408.7834010645672,1111420,1408.7834010645672
2023-12-26,1390.15234375,1403.9512223767456,1382.5305427059268,1394.8349553091266,875367,1394.8349553091266
2023-12-27,1416.106201171875,1418.7464488733349,1393.938287908229,1399.816545412244,718369,1399.816545412244
2023-12-28,1430.0048828125,1439.61918435279,1413.9641822767526,1423.2299209949194,1446654,1423.2299209949194
2023-12-29,1427.314697265625,1429.954944968238,1415.8073815496487,1427.7132458731824,383858,1427.7132458731824
2024-01-01,1426.816650390625,1432.2963597062667,1420.6893147409594,1430.552815833108,158288,1430.552815833108
2024-01-02,1432.3460693359375,1444.3515400236824,1416.5047052451812,1431.6984430717955,691712,1431.6984430717955
2024-01-03,1417.451171875,1435.5840994287685,1410.3773902907094,1424.7242885695268,550221,1424.7242885695268
2024-01-04,1426.318359375,1431.2999128246333,1409.779626246209,1415.5582768957665,938454,1415.5582768957665
2024-01-05,1448.7852783203125,1462.5841576636508,1428.4106508359223,1430.6026074229271,1258280,1430.6026074229271
2024-01-08,1415.8074951171875,1454.7133584490814,1411.1746256251265,1448.785357903521,738502,1448.785357903521
2024-01-09,1444.0029296875,1462.833226775709,1415.7575448651676,1423.728030691291,1871763,1423.728030691291
2024-01-10,1446.09521484375,1489.8332818611102,1442.6579913438525,1449.5823025300092,2547856,1449.5823025300092
2024-01-11,1422.5325927734375,1457.9016257727747,1420.6395779508875,1444.7005078223178,908421,1444.7005078223178
2024-01-12,1430.0048828125,1435.5841987458198,1413.266813392575,1429.5067274323828,557158,1429.5067274323828
2024-01-15,1424.7742919921875,1439.22079842797,1419.294582654477,1436.680157268862,902104,1436.680157268862
2024-01-16,1403.6025390625,1426.6172915191557,1400.3645293422792,1419.7925876636045,1729041,1419.7925876636045
2024-01-17,1415.906982421875,1439.6191042236599,1381.434656360484,1391.8460545774499,2628568,1391.8460545774499
2024-01-18,1399.7169189453125,1432.6947786073454,1379.093214598392,1411.6726472786145,2296538,1411.6726472786145
2024-01-19,1435.28515625,1439.668947611702,1400.2150685963,1400.7132239414943,570639,1400.7132239414943
2024-01-23,1370.42529296875,1443.305441015506,1362.3053368834398,1438.6725721896582,2880301,1438.6725721896582
2024-01-24,1405.34619140625,1408.6838081288274,1363.5011394790959,1375.3073976631213,1255876,1375.3073976631213
2024-01-25,1375.805419921875,1409.679982490003,1352.1430416573737,1409.679982490003,3230297,1409.679982490003
2024-01-29,1413.1671142578125,1419.3441919194668,1382.8792448026957,1382.8792448026957,1607583,1382.8792448026957
2024-01-30,1393.8387451171875,1428.410679639728,1387.7114096549024,1419.7428247262276,1464906,1419.7428247262276
2024-01-31,1395.980712890625,1401.3109506255369,1376.6023974802117,1394.8349313016363,1343827,1394.8349313016363
2024-02-01,1427.4642333984375,1454.3147595821304,1393.3405900594764,1402.108173346378,1803699,1402.108173346378
2024-02-02,1430.1541748046875,1450.6284087548088,1414.8110870080575,1435.484534454254,1817169,1435.484534454254
2024-02-05,1414.6116943359375,1454.613592452369,1409.6800051190985,1429.7058254583214,1010779,1429.7058254583214
2024-02-06,1458.598876953125,1464.526877019534,1399.716938416509,1417.3515893054587,1515381,1417.3515893054587
2024-02-07,1464.0286865234375,1487.491851788717,1448.2870506821082,1467.1670895032455,690402,1467.1670895032455
2024-02-08,1453.6671142578125,1486.5951085339848,1449.781478367475,1476.4327884699821,1679065,1476.4327884699821
2024-02-09,1434.388427734375,1462.584068437383,1431.2002822277252,1462.584068437383,596482,1462.584068437383
2024-02-12,1430.7021484375,1446.6431194507313,1417.9991871613315,1437.128303729226,515507,1437.128303729226
2024-02-13,1462.185546875,1470.4051100818626,1422.9308812964157,1430.702153339978,1388464,1430.702153339978
2024-02-14,1448.3369140625,1458.5989636157065,1433.7410586146414,1454.6137205457183,504590,1454.6137205457183
2024-02-15,1447.9881591796875,1458.9475770890283,1438.3239938530712,1458.5988926613595,736364,1458.5988926613595
2024-02-16,1502.884765625,1510.6061732358692,1446.2445289582924,1451.0268687717153,2008339,1451.0268687717153
2024-02-19,1483.357177734375,1516.3849021277056,1480.5177165320438,1511.5029553198597,1163429,1511.5029553198597
2024-02-20,1507.966064453125,1512.0509138794569,1467.9143025145722,1483.357117912134,1569035,1483.357117912134
2024-02-21,1496.1597900390625,1513.8941698641333,1489.8831053472406,1504.479082016419,1156081,1504.479082016419
2024-02-22,1504.08056640625,1507.9163385165407,1464.7760338673872,1504.4292508490098,1355358,1504.4292508490098
2024-02-23,1523.508544921875,1530.5823266314605,1495.7114518180506,1502.8350977110676,1115653,1502.8350977110676
2024-02-26,1543.434814453125,1547.6691351180373,1519.4734923954595,1525.5012210487907,1283074,1525.5012210487907
2024-02-27,1537.0084228515625,1563.2114421357264,1533.2225152753417,1548.0675685909341,1764621,1548.0675685909341
2024-02-28,1534.5177001953125,1551.0066910218163,1530.7317924858153,1538.303729524769,834214,1538.303729524769
2024-02-29,1546.822265625,1561.3185137100038,1519.772405101899,1534.5177308682944,1672455,1534.5177308682944
2024-03-01,1536.4605712890625,1563.5601736980125,1530.3831003392565,1559.1266397282257,1088145,1559.1266397282257
2024-03-04,1512.349853515625,1548.266904682138,1502.685687893716,1548.117433745724,2126926,1548.117433745724
2024-03-05,1485.748291015625,1519.3737762272108,1482.4604171469546,1519.3737762272108,1476872,1519.3737762272108
2024-03-06,1514.7908935546875,1518.2779811910382,1481.5140900723775,1486.7447215269033,1568041,1486.7447215269033
2024-03-07,1504.8277587890625,1515.687570126872,1483.5066847315209,1514.3923175231105,2468543,1514.3923175231105
2024-03-11,1526.4476318359375,1534.1192973622067,1508.015883491209,1521.3166072970614,1824218,1521.3166072970614
2024-03-12,1510.8056640625,1546.0252251808415,1503.4828042846218,1527.3443983903528,1608593,1527.3443983903528
2024-03-13,1481.86279296875,1526.9458551145103,1475.1875594868673,1518.377606853895,1461171,1518.377606853895
2024-03-14,1500.29443359375,1508.9624095998147,1459.8941079413169,1476.7316613667438,1094035,1476.7316613667438
2024-03-15,1497.1505126953125,1502.0910606518387,1478.2863918676674,1479.1847065429688,1466897,1479.1847065429688
2024-03-18,1486.8699951171875,1500.5938744908685,1475.4917489617424,1490.163774902238,641326,1490.163774902238
2024-03-19,1458.5738525390625,1486.1213965175157,1453.533519115011,1477.1884475464356,1010444,1477.1884475464356
2024-03-20,1455.6295166015625,1466.6584519249964,1447.245449629131,1457.2264527300215,477278,1457.2264527300215
2024-03-21,1465.26123046875,1474.1941796397984,1455.2302734697535,1470.1019926760514,958834,1470.1019926760514
2024-03-22,1498.2484130859375,1508.1296309322647,1455.3300979766805,1471.199917931276,563028,1471.199917931276
2024-03-26,1483.576416015625,1506.5825564671218,1455.030769768986,1455.7293912934074,1349881,1455.7293912934074
2024-03-27,1476.7393798828125,1496.1523824068265,1470.7008242004397,1487.1694795104547,795193,1487.1694795104547
2024-03-28,1497.4000244140625,1518.9589672367426,1477.188492673096,1477.188492673096,1704887,1477.188492673096
2024-04-01,1487.1195068359375,1516.214155214429,1483.9256345821245,1495.1542630597091,838186,1495.1542630597091
2024-04-02,1467.806396484375,1493.75700640016,1462.5165375661356,1492.160070157643,941688,1492.160070157643
2024-04-03,1458.0250244140625,1470.1518460660645,1453.2840478022924,1467.2074988004385,1862464,1467.2074988004385
2024-04-04,1460.9693603515625,1472.2479428337945,1444.2511797975822,1464.7122365949908,1905528,1464.7122365949908
2024-04-05,1482.478515625,1487.0697529200718,1457.3762671663746,1466.209430997689,836975,1466.209430997689
2024-04-08,1515.914794921875,1525.097269010393,1484.17515642569,1485.8718782121282,822205,1485.8718782121282
2024-04-09,1507.6805419921875,1524.498508628692,1500.1947893197,1522.20282907376,718575,1522.20282907376
2024-04-10,1500.494140625,1513.8187559637395,1478.1866221133905,1512.1220340997884,1056524,1512.1220340997884
2024-04-12,1490.3135986328125,1508.5289304684209,1485.3729286757161,1498.1486622053756,787733,1498.1486622053756
2024-04-15,1464.1134033203125,1487.0697109867592,1459.721737486004,1487.0197572347251,994053,1487.0197572347251
2024-04-16,1459.9713134765625,1474.0944580532325,1449.2417345192061,1457.4261088024712,717750,1457.4261088024712
2024-04-18,1454.1822509765625,1480.8316033289434,1445.2493016115009,1462.217007500586,1746383,1462.217007500586
2024-04-19,1444.8001708984375,1454.7811741257046,1422.642270630853,1447.2454679537507,1129149,1447.2454679537507
2024-04-22,1472.5972900390625,1480.083042711243,1449.2417173341744,1453.7331689374828,772048,1453.7331689374828
2024-04-23,1467.0577392578125,1486.3709561910462,1461.468401801975,1475.192281279371,1042729,1475.192281279371
2024-04-24,1457.2764892578125,1475.1923421062093,1449.7907365069352,1467.0577997492378,898680,1467.0577997492378
2024-04-25,1441.7059326171875,1461.218842258395,1433.4217732128977,1461.218842258395,2406788,1461.218842258395
2024-04-26,1412.5615234375,1464.0634772428416,1408.51916827576,1452.2360124370693,2180945,1452.2360124370693
2024-04-29,1419.64794921875,1458.1247648411395,1411.3637897624667,1434.2701431038104,4381119,1434.2701431038104
2024-04-30,1433.821044921875,1447.0957059034588,1420.4963083511523,1429.2796397891336,2402464,1429.2796397891336
2024-05-02,1458.124755859375,1461.967417655182,1413.6593386607635,1413.6593386607635,2194261,1413.6593386607635
2024-05-03,1440.50830078125,1469.9023067543583,1435.6675385500846,1466.2093842699853,1355425,1466.2093842699853
2024-05-06,1437.86328125,1454.6812470944906,1428.8803784660495,1447.245448525365,920880,1447.245448525365
2024-05-07,1447.395263671875,1456.1286418354523,1428.830621314698,1438.1628353275219,1800920,1438.1628353275219
2024-05-08,1424.0396728515625,1463.165157794681,1420.296796543034,1437.2645024750307,1297162,1437.2645024750307
2024-05-09,1419.697998046875,1436.7654900950463,1410.5154014920142,1429.1799516112396,1645954,1429.1799516112396
2024-05-10,1429.229736328125,1435.7673423051328,1413.0605595192853,1422.2929876849596,741292,1422.2929876849596
2024-05-13,1422.392822265625,1437.2645422440296,1417.8515386553395,1432.2740403612377,771284,1432.2740403612377
2024-05-14,1430.1280517578125,1434.0206674622657,1419.3486411590432,1424.4887604535272,896653,1424.4887604535272
2024-05-15,1427.38330078125,1441.107180734259,1423.0415885819828,1437.2645187151008,254646,1437.2645187151008
2024-05-16,1449.4412841796875,1455.4298862988792,1417.4522409627245,1428.8306093568733,1176239,1428.8306093568733
2024-05-17,1431.4754638671875,1447.2454980293585,1427.7825413317223,1447.2454980293585,2433315,1447.2454980293585
2024-05-21,1426.9342041015625,1437.9631399769717,1419.7977621595785,1436.1166786785786,1300334,1436.1166786785786
2024-05-22,1424.6884765625,1432.823018854654,1421.2949109747913,1431.525439652805,966583,1431.525439652805
2024-05-23,1444.0516357421875,1450.1898554266145,1421.3448527698313,1431.2759025212733,1206423,1431.2759025212733
2024-05-24,1433.5216064453125,1445.6983817995063,1430.7268767713567,1439.7597335403748,487961,1439.7597335403748
2024-05-27,1407.52099609375,1445.249236216537,1399.4863617717006,1432.2739323002281,1675749,1432.2739323002281
2024-05-28,1447.9940185546875,1452.2359448540894,1403.229244209858,1412.3119326244237,1600105,1412.3119326244237
2024-05-29,1410.1162109375,1446.6964909757587,1403.9279157183284,1445.249294216228,1518325,1445.249294216228
2024-05-30,1377.428466796875,1416.1048562029714,1368.3956096969848,1416.1048562029714,2097166,1416.1048562029714
2024-05-31,1383.766357421875,1398.4883376675107,1369.992523778725,1391.1523244212683,2559060,1391.1523244212683
2024-06-03,1388.8565673828125,1433.6712952183277,1384.7144267703297,1432.5734092560638,870693,1432.5734092560638
2024-06-04,1336.306640625,1400.035324148254,1305.2157900896923,1395.4940406200817,3277433,1395.4940406200817
2024-06-05,1387.459228515625,1393.5476160913904,1328.1720452232105,1338.4525272401388,1238176,1338.4525272401388
2024-06-06,1440.1090087890625,1443.053477808398,1377.627953712859,1387.459217404637,2227021,1387.459217404637
2024-06-07,1423.141357421875,1437.2645017196517,1417.3024947513231,1432.373785644727,1279929,1432.373785644727
2024-06-10,1429.5792236328125,1449.2417523920174,1415.6556502226852,1434.120507260738,2059288,1434.120507260738
2024-06-11,1425.3372802734375,1437.0649596057945,1419.298724307365,1429.7288244250278,991450,1429.7288244250278
2024-06-12,1449.9403076171875,1459.0231181345318,1423.0915060820146,1425.3870637489847,1823958,1425.3870637489847
2024-06-13,1447.145751953125,1476.6395448064466,1430.128091896056,1456.877230568173,3086173,1456.877230568173
2024-06-14,1467.107666015625,1470.9503278309096,1437.8632782774116,1442.1551583340151,856835,1442.1551583340151
2024-06-18,1470.7508544921875,1477.1885531675819,1452.2859975775928,1477.1885531675819,1427035,1477.1885531675819
2024-06-19,1446.447021484375,1475.591625673834,1443.4028884294323,1475.5416719194805,578983,1475.5416719194805
2024-06-20,1452.7349853515625,1478.0867573165865,1448.6926304048093,1473.1960414832747,1444553,1473.1960414832747
2024-06-21,1461.36865234375,1475.7413217565836,1442.4047456869557,1452.7350599454724,1184387,1452.7350599454724
2024-06-24,1449.990234375,1461.3686023474847,1444.450728884664,1461.3686023474847,460942,1461.3686023474847
2024-06-25,1459.22265625,1464.7122079663986,1427.28344626368,1454.6314191821498,1845922,1454.6314191821498
2024-06-26,1448.143798828125,1472.846782092234,1444.2511831582178,1459.2226881667686,780636,1459.2226881667686
2024-06-27,1460.669921875,1470.8506186414693,1434.8192200435356,1442.2550189838964,1492222,1442.2550189838964
2024-06-28,1489.11572265625,1495.9528073142444,1447.2454629966453,1447.3452486608926,1533271,1447.3452486608926
2024-07-01,1498.9969482421875,1509.0279052405167,1479.084895500332,1489.115730660243,788569,1489.115730660243
2024-07-02,1492.0601806640625,1507.4807817479339,1465.3110435691112,1504.1371700706693,1462260,1504.1371700706693
2024-07-03,1493.5074462890625,1504.087285715919,1483.376703287926,1500.1448380372847,527776,1500.1448380372847
2024-07-04,1504.8857421875,1515.9646312592338,1489.4151873847102,1493.5573280383019,1363288,1493.5573280383019
2024-07-05,1526.49462890625,1529.039711577735,1502.5900535286492,1504.8857329626155,961676,1504.8857329626155
2024-07-08,1512.072021484375,1529.0397268170498,1505.3847981180406,1526.494644120199,774723,1526.494644120199
2024-07-09,1521.853515625,1526.095442131907,1509.5270006137905,1522.1030407136416,726889,1522.1030407136416
2024-07-10,1555.8388671875,1559.5317897302127,1515.7151601982684,1521.8535016903309,1964480,1521.8535016903309
2024-07-11,1555.8388671875,1566.6682315677024,1543.21287345016,1559.032739557499,1156236,1559.032739557499
2024-07-12,1559.881103515625,1567.017545366987,1544.4105481314286,1559.9310572683619,589534,1559.9310572683619
2024-07-15,1610.3848876953125,1617.8208080675113,1554.940488878734,1559.8810366510572,2498480,1559.8810366510572
2024-07-16,1618.27001953125,1636.485351385048,1589.1753692162656,1610.3351702809928,1844059,1610.3351702809928
2024-07-18,1656.64697265625,1661.7870918731835,1611.9819829915557,1616.9225308783164,2104021,1616.9225308783164
2024-07-19,1644.56982421875,1655.3993100014038,1628.8996981617515,1628.8996981617515,567209,1628.8996981617515
2024-07-22,1618.0704345703125,1644.5699262150483,1615.5751836524414,1637.9824881595537,397490,1637.9824881595537
2024-07-23,1591.8203125,1634.8883667989257,1575.0522997897303,1618.070400335986,2145861,1618.070400335986
2024-07-24,1629.847900390625,1646.8655599117478,1576.6492254068312,1576.998536157916,2099093,1576.998536157916
2024-07-25,1692.1793212890625,1698.1179695082083,1641.8750403654994,1641.8750403654994,4427012,1641.8750403654994
2024-07-26,1747.623779296875,1774.322963967975,1683.046734640836,1683.046734640836,2982227,1683.046734640836
2024-07-29,1743.3818359375,1760.1999243378407,1733.2012610834354,1749.1708667139192,1368641,1749.1708667139192
2024-07-30,1717.7806396484375,1742.98267324453,1704.7553814703363,1737.1936425346137,2096978,1737.1936425346137
2024-07-31,1750.3187255859375,1756.6566385220112,1716.7326240101474,1717.780678126453,1082466,1717.780678126453
2024-08-01,1763.892822265625,1787.7474447106317,1754.7601798055769,1787.6974909583655,1247361,1787.6974909583655
2024-08-02,1741.5853271484375,1765.5397355768507,1727.7117078992972,1756.6566180836296,594517,1756.6566180836296
2024-08-05,1718.9283447265625,1736.045789804891,1676.7586056580649,1676.808559410082,1240111,1676.808559410082
2024-08-06,1671.3189697265625,1776.6185524713535,1666.9273039932195,1718.9283057961866,1500825,1718.9283057961866
2024-08-07,1682.4976806640625,1695.6726781475334,1673.914042177837,1686.8395145783452,603417,1686.8395145783452
2024-08-08,1703.0587158203125,1711.8918797569713,1666.877577285571,1667.9255095745573,1291138,1667.9255095745573
2024-08-09,1721.8228759765625,1730.107157552263,1704.7553844924776,1716.7325885989821,804893,1716.7325885989821
2024-08-12,1701.7611083984375,1726.7136173192357,1688.835757512833,1719.6271291534135,1019251,1719.6271291534135
2024-08-13,1679.2039794921875,1718.030105770441,1668.873665690863,1701.76102204427,1064268,1701.76102204427
2024-08-14,1688.8856201171875,1704.1066508354631,1669.8219273229663,1692.977807286875,557473,1692.977807286875
2024-08-16,1685.691650390625,1698.8665258446729,1662.984868170232,1695.7724392284786,721574,1695.7724392284786
2024-08-19,1668.3746337890625,1693.576666795916,1662.8351282937733,1693.576666795916,632647,1693.576666795916
2024-08-20,1757.9542236328125,1767.4361771112237,1669.572387474989,1669.6223412286658,3951662,1669.6223412286658
2024-08-21,1797.179443359375,1801.0221052911186,1747.5739053203151,1757.954173198141,2972530,1757.954173198141
2024-08-22,1791.839599609375,1808.9570444662945,1786.4498335133023,1797.5786764497893,1380510,1797.5786764497893
2024-08-23,1785.9010009765625,1794.983689773465,1778.6148197025695,1786.1005723107453,858249,1786.1005723107453
2024-08-26,1792.8377685546875,1798.0278416823578,1765.9888445493573,1787.5977416737342,593628,1787.5977416737342
2024-08-27,1835.45654296875,1845.0882354676742,1780.7107645386573,1785.0026446692925,2239371,1785.0026446692925
2024-08-28,1840.197509765625,1850.727516868506,1822.5311828512295,1835.2569619209737,724092,1835.2569619209737
2024-08-29,1840.197509765625,1864.201871177647,1832.013135883588,1836.5045873199683,2248185,1836.5045873199683
2024-08-30,1846.78515625,1866.2481133902124,1833.5103726446393,1836.454719989456,2125138,1836.454719989456
2024-09-02,1885.1619873046875,1891.0508035850635,1845.5374531699047,1846.7850785751361,2522132,1846.7850785751361
2024-09-03,1924.9862060546875,1932.3222190371707,1878.1752766907005,1886.409604328643,3457882,1886.409604328643
2024-09-04,1908.5673828125,1916.3526140424146,1898.7361190300182,1906.371610844277,952279,1906.371610844277
2024-09-05,1904.2257080078125,1915.354551158937,1896.5902160443152,1915.354551158937,947097,1915.354551158937
2024-09-06,1892.69775390625,1913.2086431199511,1885.8606689965939,1894.4942614440802,772396,1894.4942614440802
2024-09-09,1898.1373291015625,1929.1782254306358,1890.9011016079455,1897.239014424326,1845859,1897.239014424326
2024-09-10,1849.9290771484375,1886.4096943108232,1835.2570504836117,1886.4096943108232,2515665,1886.4096943108232
2024-09-11,1855.6182861328125,1867.4957046402944,1841.0460454214171,1841.5949275096996,630094,1841.5949275096996
2024-09-12,1872.38623046875,1876.4285854653585,1837.103408827816,1859.4608801712568,1126825,1859.4608801712568
2024-09-13,1842.9923095703125,1868.1943435896196,1838.2513328736113,1865.4495676073188,886112,1865.4495676073188
2024-09-16,1817.790283203125,1861.2576026775448,1812.6500419742208,1847.48376895483,1576652,1847.48376895483
2024-09-17,1815.6942138671875,1840.796461177406,1805.0144673850068,1820.0359258732626,844866,1820.0359258732626
2024-09-18,1838.949951171875,1845.4376034823295,1811.6020989031579,1814.7460175521019,518691,1814.7460175521019
2024-09-19,1837.4527587890625,1856.466618862783,1824.7269795468578,1846.4856155355637,776068,1846.4856155355637
2024-09-20,1866.6971435546875,1881.4191234330094,1841.4951102036616,1846.4856118573302,1512372,1846.4856118573302
2024-09-23,1916.50244140625,1921.3432038118053,1876.4286873590618,1878.4248880902949,1022492,1878.4248880902949
2024-09-24,1860.808349609375,1924.2875070396049,1851.0768712677136,1923.4391461159646,2608386,1923.4391461159646
2024-09-25,1860.059814453125,1871.4381829732872,1837.5527243422869,1870.1406037643899,1395256,1870.1406037643899
2024-09-26,1894.6939697265625,1898.4368460915823,1864.9505301438362,1869.44198178186,1396821,1869.44198178186
2024-09-27,1879.0736083984375,1909.3659290100825,1870.3402305213658,1894.6939029119696,1678089,1894.6939029119696
2024-09-30,1840.4970703125,1890.0028239749129,1834.7579932223173,1888.4058877609816,1473366,1888.4058877609816
2024-10-01,1830.715576171875,1855.7679919204272,1820.8344803776547,1836.704178150636,885515,1836.704178150636
2024-10-03,1802.1201171875,1841.694698188214,1791.640063620029,1803.5673139447827,1307453,1803.5673139447827
2024-10-04,1794.6842041015625,1846.4856363206197,1779.1638168560823,1802.1201247670954,1554623,1802.1201247670954
2024-10-07,1784.553466796875,1816.392892235886,1772.6262163848342,1796.580624714359,692912,1796.580624714359
2024-10-08,1724.767333984375,1795.6324578249348,1720.2758824733537,1781.6090993718224,2888148,1781.6090993718224
2024-10-09,1734.099609375,1755.6585530262848,1729.7578971277533,1744.7294026964823,704112,1744.7294026964823
2024-10-10,1731.205078125,1751.1171316142452,1726.2645300677957,1741.8348713494336,784503,1741.8348713494336
2024-10-11,1731.7540283203125,1743.4317534595557,1715.335204769624,1734.1993253962949,805944,1734.1993253962949
2024-10-14,1734.9979248046875,1740.5373087643866,1714.0378169996736,1735.4470212365682,1349793,1735.4470212365682
2024-10-15,1720.4754638671875,1751.616145790358,1715.2354370736834,1738.6408413493002,2159705,1738.6408413493002
2024-10-16,1730.4564208984375,1745.6774507001396,1720.7249428284968,1721.7729968944727,891554,1721.7729968944727
2024-10-17,1698.7667236328125,1735.6964350161345,1692.5285967099542,1730.7059334778478,2442434,1730.7059334778478
2024-10-18,1702.80908203125,1714.1873280906436,1677.4073560473464,1702.7591282804003,2045293,1702.7591282804003
2024-10-21,1708.5980224609375,1772.6761366344083,1693.5766856245837,1711.891802279364,1574574,1711.891802279364
2024-10-22,1694.924072265625,1723.669288200328,1669.7220393419004,1697.7686337923026,1290296,1697.7686337923026
2024-10-23,1712.740234375,1725.6157535115876,1689.035350595043,1699.9645009076955,952362,1699.9645009076955
2024-10-24,1632.1934814453125,1721.1740263803101,1619.916798928785,1721.1740263803101,4320374,1721.1740263803101
2024-10-25,1613.6787109375,1650.1593267888509,1600.902977959052,1641.7253058847032,1639581,1641.7253058847032
2024-10-28,1602.849365234375,1616.9225557033683,1590.5726822797774,1613.928254674288,2366566,1613.928254674288
2024-10-29,1658.1939697265625,1662.6355893271734,1592.8683514360368,1602.9491404673067,2052244,1602.9491404673067
2024-10-30,1621.064697265625,1646.2167771864943,1616.223934967327,1633.3912121401843,1512352,1633.3912121401843
2024-10-31,1619.0684814453125,1638.8307949588727,1609.9857927720284,1627.0033303666146,809110,1627.0033303666146
2024-11-01,1625.7557373046875,1636.2857447751417,1619.9168746012583,1636.2857447751417,53886,1636.2857447751417
2024-11-04,1605.743896484375,1638.0324185330755,1584.9833604086411,1633.8902777008473,1470020,1633.8902777008473
2024-11-05,1630.097412109375,1638.8807437589196,1595.6131187709705,1603.7476608375796,978590,1603.7476608375796
2024-11-06,1600.9029541015625,1635.5371081912033,1597.409602993405,1630.0973883625932,1352644,1630.0973883625932
2024-11-07,1586.829833984375,1614.8764297504722,1572.0080679966625,1602.0010325690473,1359619,1602.0010325690473
2024-11-08,1566.967529296875,1600.304103940858,1563.87344271077,1585.9813888934245,1131938,1585.9813888934245
2024-11-11,1563.025146484375,1575.6011865136916,1552.2955677329658,1575.6011865136916,862991,1575.6011865136916
2024-11-12,1559.4818115234375,1582.937169273178,1554.0422134615249,1566.119203084133,1177157,1566.119203084133
2024-11-13,1543.76171875,1569.0137056229373,1537.0744953303586,1557.0365017632203,2946117,1557.0365017632203
2024-11-14,1559.3321533203125,1565.9694228696717,1543.1130233839972,1543.2626409588304,684365,1543.2626409588304
2024-11-18,1559.631591796875,1563.5741613058224,1548.053652035858,1548.053652035858,490930,1548.053652035858
2024-11-19,1520.007080078125,1565.071336217644,1498.1486575752647,1565.021382463701,4198931,1565.021382463701
2024-11-21,1475.142333984375,1512.6210501111473,1471.1998864162529,1510.4252781205205,1827614,1510.4252781205205
2024-11-22,1482.3287353515625,1493.607196022283,1472.1979925941628,1482.528306682987,977581,1482.528306682987
2024-11-25,1492.359619140625,1508.1296536654813,1485.5226559983107,1489.7645825556094,1785465,1489.7645825556094
2024-11-26,1503.8876953125,1514.018438185193,1486.4209392693815,1492.3595875886735,601372,1492.3595875886735
2024-11-27,1502.540283203125,1513.0701687361252,1492.2598009178662,1504.1372193868801,467560,1504.1372193868801
2024-11-28,1425.8861083984375,1516.813024178446,1400.3347642943218,1504.2869381283303,5574277,1504.2869381283303
2024-11-29,1435.018798828125,1457.2265319346636,1393.9968982214846,1439.260725376565,9016112,1439.260725376565
2024-12-02,1419.3486328125,1447.0459171612504,1408.4693147726941,1425.6865455840796,3117960,1425.6865455840796
2024-12-03,1438.212646484375,1445.5986134209381,1414.2582381528757,1427.3832820855273,4645704,1427.3832820855273
2024-12-04,1449.840576171875,1469.5530585212184,1432.3239877442472,1438.2626362229835,1976987,1438.2626362229835
2024-12-05,1429.1300048828125,1453.2841071843604,1414.8572425503946,1449.84058776995,2632452,1449.84058776995
2024-12-06,1445.79833984375,1450.1898840014508,1426.5849077193247,1432.274031093525,1359753,1432.274031093525
2024-12-09,1466.5089111328125,1481.5802022365779,1446.297378795272,1451.2379268535237,2397565,1451.2379268535237
2024-12-10,1459.072998046875,1481.0811598884052,1448.842469278705,1460.919459359299,1994725,1460.919459359299
2024-12-11,1453.3837890625,1470.7008050529219,1451.6869454344483,1452.7349994940807,1213092,1452.7349994940807
2024-12-12,1429.7786865234375,1452.9845186083728,1417.651743453304,1447.2454418561847,2851447,1447.2454418561847
2024-12-13,1426.0858154296875,1439.2107374382556,1406.6228587873727,1419.3486381304247,3926561,1419.3486381304247
2024-12-16,1418.9493408203125,1434.2202025758595,1412.96073891498,1426.085782458517,1601339,1426.085782458517
2024-12-17,1407.02197265625,1422.2929562907389,1402.929785711097,1418.9991764986985,1973758,1418.9991764986985
2024-12-18,1395.34423828125,1417.6517559204235,1390.054257884302,1412.1123722835162,1454595,1412.1123722835162
2024-12-19,1403.229248046875,1406.3233346354514,1374.883174918619,1377.4283794405865,1081337,1377.4283794405865
2024-12-20,1397.9393310546875,1412.1124291805863,1388.457377694333,1399.7857923413878,1542712,1399.7857923413878
2024-12-23,1402.6304931640625,1405.475054839658,1378.8756557163877,1397.939348340511,1325302,1397.939348340511
2024-12-24,1384.3651123046875,1415.3062215198609,1382.36891171016,1404.2771644997313,756679,1404.2771644997313
2024-12-26,1406.373291015625,1409.1180668690515,1382.5685011433557,1391.3018788588038,1935656,1391.3018788588038
2024-12-27,1402.6304931640625,1417.701784323933,1398.1390415167778,1407.3215161491903,665711,1407.3215161491903
2024-12-30,1401.18310546875,1412.2619946183115,1386.36134013093,1388.607065843885,1439560,1388.607065843885
2024-12-31,1387.7587890625,1397.0910032232216,1379.8238179593561,1397.0910032232216,2096160,1397.0910032232216
2025-01-01,1397.73974609375,1402.031504469862,1382.3190226760246,1389.555250169965,511676,1389.555250169965
2025-01-02,1419.5482177734375,1422.7920438994797,1395.3942381241218,1401.3328864502769,1083889,1401.3328864502769
2025-01-03,1444.9498291015625,1448.243608994534,1422.193214206631,1425.5368260140892,1107442,1425.5368260140892
2025-01-06,1431.9246826171875,1459.871492243916,1422.492561265114,1447.2454985270135,1012018,1447.2454985270135
2025-01-07,1474.9427490234375,1487.9680069449023,1431.6251707341723,1444.251164159644,2362510,1444.251164159644
2025-01-08,1460.3704833984375,1481.8296399231692,1452.2359415574258,1475.890870014438,1229808,1475.890870014438
2025-01-09,1465.660400390625,1478.3861797677616,1450.2397988219334,1455.030729205165,1253461,1455.030729205165
2025-01-10,1475.4918212890625,1485.1733461137085,1455.879124709594,1467.1077538384777,1124758,1467.1077538384777
2025-01-13,1464.6124267578125,1475.491744560178,1442.903744904204,1475.491744560178,1444590,1475.491744560178
2025-01-14,1496.4019775390625,1501.1429542896449,1466.0597019676509,1472.1980436018791,2024378,1472.1980436018791
2025-01-15,1469.9522705078125,1501.991266940197,1466.558704996196,1501.6419561901232,1433596,1501.6419561901232
2025-01-16,1510.724609375,1542.0649835705906,1483.1770651041409,1483.1770651041409,2929496,1483.1770651041409
2025-01-17,1537.5736083984375,1552.0460636543785,1497.1505437180501,1516.6135007863847,2603818,1516.6135007863847
2025-01-20,1496.85107421875,1544.8597994244315,1484.4747271174874,1544.8597994244315,4033718,1544.8597994244315
2025-01-21,1463.76416015625,1503.0892176341872,1457.2265539357572,1496.8510902628868,877160,1496.8510902628868
2025-01-22,1457.2764892578125,1467.9561144470279,1447.2954855899761,1463.3149233737993,631080,1463.3149233737993
2025-01-23,1447.095703125,1460.919367984322,1444.4008810363293,1455.280198730681,1301601,1455.280198730681
2025-01-24,1437.6636962890625,1452.8347721116004,1415.4559646171306,1448.5430139252426,1504123,1448.5430139252426
2025-01-27,1421.694091796875,1443.2030801604776,1413.310024908548,1432.2739306100045,896819,1432.2739306100045
2025-01-28,1416.803466796875,1432.9726439594342,1409.1679746440575,1417.3025169789098,1527262,1417.3025169789098
2025-01-29,1458.124755859375,1467.3072299042972,1407.8204762605458,1416.8033789803933,1021447,1416.8033789803933
2025-01-30,1470.10205078125,1477.1885389993051,1451.1381438616643,1463.115348231929,1016159,1463.115348231929
2025-01-31,1480.7816162109375,1487.1694826517562,1464.213175201427,1476.8890005799371,892312,1476.8890005799371
2025-02-01,1451.587158203125,1525.0972702363222,1369.9426261325289,1472.7967897427336,4329907,1472.7967897427336
2025-02-03,1457.176513671875,1479.0848888022822,1431.625169843644,1431.625169843644,1127198,1431.625169843644
2025-02-04,1469.6029052734375,1475.8908640569043,1451.2877891462683,1458.4740625669203,614905,1458.4740625669203
2025-02-05,1466.359130859375,1481.4803752953633,1462.2169901033437,1469.602956946635,791375,1469.602956946635
2025-02-06,1462.3167724609375,1477.5877562802436,1453.683180219001,1467.2074884568108,1510856,1467.2074884568108
2025-02-07,1468.1556396484375,1473.14614132553,1451.4874127823168,1469.6527901515651,562410,1469.6527901515651
2025-02-10,1445.4488525390625,1471.7488937665867,1442.2549802109872,1460.1210005273056,530759,1460.1210005273056
2025-02-11,1416.304443359375,1447.2455552298054,1400.2350515620947,1445.4489258051842,1448104,1445.4489258051842
2025-02-12,1449.3914794921875,1464.1632918939656,1404.8262735170179,1424.7383272020138,1590502,1424.7383272020138
2025-02-13,1467.70654296875,1476.58966032006,1443.2530847553978,1449.3914261848008,983142,1449.3914261848008
2025-02-14,1462.6661376953125,1474.343985121093,1447.245535722467,1467.7065932964742,625676,1467.7065932964742
2025-02-17,1473.3956298828125,1478.7355640156563,1449.091911685564,1457.7255037405844,717439,1457.7255037405844
2025-02-18,1472.54736328125,1478.1866547653592,1451.6372091689936,1473.4456779860645,679042,1473.4456779860645
2025-02-19,1472.796875,1479.3843130447758,1462.2669892467725,1472.19803914837,391966,1472.19803914837
2025-02-20,1467.0079345703125,1486.82020203405,1463.2151045271657,1470.2018069362312,346720,1470.2018069362312
2025-02-21,1492.559326171875,1498.5479284260043,1458.9232704081264,1466.9080734136323,1051158,1466.9080734136323
2025-02-24,1483.6761474609375,1492.3595716370464,1472.3975649439965,1477.1884952856963,1116079,1477.1884952856963
2025-02-25,1468.9542236328125,1481.2309069533248,1460.6699418034034,1477.188551708213,964505,1477.188551708213
2025-02-27,1466.9580078125,1477.0887508597539,1451.2379271028237,1461.218930728015,1421562,1461.218930728015
2025-02-28,1427.7825927734375,1459.272708479798,1409.1679963293982,1457.2265539665982,2397364,1457.2265539665982
2025-03-03,1405.8243408203125,1449.3914453987222,1402.4307752678294,1429.82870293639,1056418,1429.82870293639
2025-03-04,1390.45361328125,1412.3120359437535,1387.3595264747826,1389.555298572682,977231,1389.555298572682
2025-03-05,1418.0010986328125,1421.2948784770108,1377.2287242745233,1388.5073068067945,1118219,1388.5073068067945
2025-03-06,1418.60009765625,1423.6903851505906,1392.350009318672,1414.4080030197633,1606815,1414.4080030197633
2025-03-07,1411.5999755859375,1446.199951171875,1406.550048828125,1421.3499755859375,901496,1421.3499755859375
2025-03-10,1419.449951171875,1427.75,1404.3499755859375,1419.0,1092967,1419.0
2025-03-11,1417.25,1424.4000244140625,1397.449951171875,1403.0,691907,1403.0
2025-03-12,1409.0,1425.0,1404.5,1425.0,734156,1425.0
2025-03-13,1385.550048828125,1413.949951171875,1382.6500244140625,1411.699951171875,911321,1411.699951171875
2025-03-17,1434.25,1441.300048828125,1392.0,1392.0,1352197,1392.0
2025-03-18,1434.25,1434.25,1434.25,1434.25,0,1434.25
2025-03-19,1484.9000244140625,1488.9000244140625,1455.0,1457.949951171875,917293,1457.949951171875
2025-03-20,1498.3499755859375,1506.300048828125,1488.5,1492.0,798992,1492.0
2025-03-21,1546.4000244140625,1553.300048828125,1493.449951171875,1500.0,1977397,1500.0
2025-03-24,1569.800048828125,1584.0,1541.699951171875,1550.0,1229003,1550.0
2025-03-25,1557.199951171875,1583.9000244140625,1551.300048828125,1577.6500244140625,1241287,1577.6500244140625
2025-03-26,1541.300048828125,1570.300048828125,1533.449951171875,1564.300048828125,1106876,1564.300048828125
2025-03-27,1544.9000244140625,1552.0999755859375,1529.6500244140625,1541.4000244140625,1405775,1541.4000244140625
2025-03-28,1547.8499755859375,1564.5,1534.75,1544.9000244140625,1120169,1544.9000244140625
2025-04-01,1545.25,1566.4000244140625,1535.3499755859375,1537.75,937836,1537.75
2025-04-02,1559.8499755859375,1563.1500244140625,1542.300048828125,1543.0,1876774,1543.0
2025-04-03,1542.25,1558.9000244140625,1540.0,1546.0,373548,1546.0
2025-04-04,1512.5999755859375,1546.9000244140625,1501.0999755859375,1536.3499755859375,826558,1536.3499755859375
2025-04-07,1460.800048828125,1485.5,1430.550048828125,1450.0,916977,1450.0
2025-04-08,1488.0,1498.050048828125,1458.050048828125,1490.0,2142568,1490.0
2025-04-09,1481.6500244140625,1499.9000244140625,1475.0,1488.0,1047950,1488.0
2025-04-11,1521.9000244140625,1539.0,1500.050048828125,1539.0,1134200,1539.0
2025-04-15,1562.5999755859375,1574.0999755859375,1525.0,1555.5,1363406,1555.5
2025-04-16,1565.4000244140625,1576.800048828125,1548.5,1548.5,784495,1548.5
2025-04-17,1608.199951171875,1615.0,1549.4000244140625,1558.0,1500299,1558.0
2025-04-21,1628.5,1630.699951171875,1595.300048828125,1618.0,1016066,1618.0
2025-04-22,1619.0,1639.9000244140625,1612.800048828125,1627.800048828125,1102055,1627.800048828125
2025-04-23,1615.5,1625.0,1601.0,1625.0,1136215,1625.0
2025-04-24,1608.199951171875,1636.5999755859375,1603.0,1612.9000244140625,857476,1612.9000244140625
2025-04-25,1695.0999755859375,1762.0,1651.0999755859375,1723.5,10321746,1723.5
2025-04-28,1736.0999755859375,1755.0,1681.4000244140625,1690.0,2100813,1690.0
2025-04-29,1730.0999755859375,1764.9000244140625,1721.0,1733.9000244140625,2049847,1733.9000244140625
2025-04-30,1765.800048828125,1772.5,1718.5,1722.0,2031563,1722.0
2025-05-02,1762.199951171875,1777.0999755859375,1747.5999755859375,1761.0,902461,1761.0
2025-05-05,1769.9000244140625,1787.5999755859375,1766.9000244140625,1773.0,947983,1773.0
2025-05-06,1726.0,1797.800048828125,1717.199951171875,1770.0,1295777,1770.0
2025-05-07,1744.5,1756.5,1712.300048828125,1714.0,753313,1714.0
2025-05-08,1731.5,1744.0,1721.0999755859375,1741.300048828125,1107891,1741.300048828125
2025-05-09,1699.800048828125,1728.699951171875,1693.0999755859375,1706.0,1076900,1706.0
2025-05-12,1751.5,1756.9000244140625,1720.0,1725.0,728808,1725.0
2025-05-13,1740.0,1756.0,1732.300048828125,1742.699951171875,478541,1742.699951171875
2025-05-14,1755.199951171875,1760.0,1737.4000244140625,1741.0,603108,1741.0
2025-05-15,1784.5999755859375,1788.4000244140625,1737.0999755859375,1757.699951171875,1318425,1757.699951171875
2025-05-16,1773.4000244140625,1790.9000244140625,1767.9000244140625,1790.0,696146,1790.0
2025-05-19,1770.0,1781.199951171875,1764.4000244140625,1773.0999755859375,288530,1773.0999755859375
2025-05-20,1757.800048828125,1778.800048828125,1753.300048828125,1778.800048828125,529693,1778.800048828125
2025-05-21,1763.9000244140625,1777.9000244140625,1751.199951171875,1756.9000244140625,521050,1756.9000244140625
2025-05-22,1759.300048828125,1768.699951171875,1741.199951171875,1766.300048828125,1103303,1766.300048828125
2025-05-23,1798.699951171875,1806.0,1759.800048828125,1765.0,1067774,1765.0
2025-05-26,1801.5999755859375,1810.0999755859375,1790.0999755859375,1806.0,633624,1806.0
2025-05-27,1803.300048828125,1809.5999755859375,1794.0,1801.5999755859375,1219984,1801.5999755859375
2025-05-28,1807.4000244140625,1814.5,1802.0999755859375,1810.5999755859375,763018,1810.5999755859375
2025-05-29,1825.0,1830.0,1801.4000244140625,1807.5999755859375,1189803,1807.5999755859375
2025-05-30,1812.199951171875,1833.9000244140625,1804.9000244140625,1825.0,1364259,1825.0
2025-06-02,1802.5,1829.0,1795.5999755859375,1812.199951171875,1238769,1812.199951171875
2025-06-03,1775.300048828125,1814.0,1770.0999755859375,1809.800048828125,1576208,1809.800048828125
2025-06-04,1775.9000244140625,1779.0999755859375,1762.300048828125,1775.0,918721,1775.0
2025-06-05,1774.800048828125,1791.0,1765.0,1782.0,912222,1782.0
2025-06-06,1780.5999755859375,1783.5,1751.300048828125,1774.800048828125,1589674,1774.800048828125
2025-06-09,1790.800048828125,1799.0,1759.0999755859375,1789.5999755859375,1221496,1789.5999755859375
2025-06-10,1785.5,1796.5999755859375,1772.0,1790.9000244140625,1400311,1790.9000244140625
2025-06-11,1799.300048828125,1800.9000244140625,1774.0,1785.5,1089930,1785.5
2025-06-12,1766.0,1812.300048828125,1760.0,1799.9000244140625,984693,1799.9000244140625
2025-06-13,1755.199951171875,1766.5,1720.0,1720.0,1774169,1720.0
2025-06-16,1797.800048828125,1800.0,1751.9000244140625,1762.0,728053,1762.0
2025-06-17,1800.199951171875,1806.699951171875,1785.4000244140625,1796.0999755859375,557790,1796.0999755859375
2025-06-18,1797.199951171875,1805.0,1791.300048828125,1800.0,349531,1800.0
2025-06-19,1789.4000244140625,1804.9000244140625,1781.0,1795.0,537885,1795.0
2025-06-20,1810.9000244140625,1821.0,1779.0999755859375,1787.0999755859375,1669329,1787.0999755859375
2025-06-23,1818.5999755859375,1826.199951171875,1798.5999755859375,1810.0,627282,1810.0
2025-06-24,1843.0,1850.9000244140625,1828.0,1832.199951171875,876488,1832.199951171875
2025-06-25,1842.699951171875,1855.0,1825.0,1843.0,990856,1843.0
2025-06-26,1860.800048828125,1866.4000244140625,1842.699951171875,1850.0,1147822,1850.0
2025-06-27,1850.5999755859375,1862.9000244140625,1815.300048828125,1848.0,6763121,1848.0
2025-06-30,1838.300048828125,1855.0999755859375,1826.0999755859375,1846.0,1362010,1846.0
2025-07-01,1862.5,1865.300048828125,1827.300048828125,1831.0,667136,1831.0
2025-07-02,1856.800048828125,1875.0,1852.0999755859375,1865.0,1072946,1865.0
2025-07-03,1810.199951171875,1861.800048828125,1803.0,1850.0,916863,1850.0
2025-07-04,1799.699951171875,1812.0999755859375,1783.0999755859375,1806.0,685665,1806.0
2025-07-07,1808.300048828125,1811.800048828125,1792.199951171875,1799.699951171875,376143,1799.699951171875
2025-07-08,1816.9000244140625,1818.800048828125,1797.300048828125,1801.0,616714,1801.0
2025-07-09,1814.9000244140625,1821.0,1799.0,1820.0,597896,1820.0
2025-07-10,1810.199951171875,1823.5,1801.4000244140625,1811.0,1104366,1811.0
2025-07-11,1835.199951171875,1840.0,1812.0,1814.0,770854,1814.0
2025-07-14,1851.300048828125,1856.300048828125,1831.699951171875,1843.0,1231109,1843.0
2025-07-15,1824.800048828125,1851.699951171875,1822.4000244140625,1849.9000244140625,1313007,1849.9000244140625
2025-07-16,1829.0999755859375,1839.9000244140625,1821.5999755859375,1833.9000244140625,652826,1833.9000244140625
2025-07-17,1802.800048828125,1829.0,1796.300048828125,1829.0,886192,1829.0
2025-07-18,1788.4000244140625,1802.800048828125,1754.0999755859375,1799.0,1600088,1799.0
2025-07-21,1804.699951171875,1807.4000244140625,1781.0,1794.699951171875,481174,1794.699951171875
2025-07-22,1809.0,1815.300048828125,1791.0999755859375,1791.0999755859375,578221,1791.0999755859375
2025-07-23,1809.5,1818.5,1792.0,1809.0,555690,1809.0
2025-07-24,1793.5999755859375,1822.5,1778.699951171875,1808.0,928018,1808.0
2025-07-25,1832.0999755859375,1847.0,1810.9000244140625,1814.0,1821229,1814.0
2025-07-28,1850.5,1858.0,1819.0,1832.0,1182404,1832.0
2025-07-29,1833.4000244140625,1851.800048828125,1822.9000244140625,1848.0,585182,1848.0
2025-07-30,1839.0999755859375,1850.0,1824.5,1825.0,480951,1825.0
2025-07-31,1840.699951171875,1857.4000244140625,1821.4000244140625,1838.0,1570804,1838.0
2025-08-01,1796.199951171875,1843.300048828125,1788.9000244140625,1840.0,559870,1840.0
2025-08-04,1831.5,1836.199951171875,1781.0,1798.0,844169,1798.0
2025-08-05,1857.0,1860.4000244140625,1818.699951171875,1833.300048828125,1251783,1833.300048828125
2025-08-06,1854.300048828125,1876.0,1850.5999755859375,1858.5999755859375,816457,1858.5999755859375
2025-08-07,1861.0999755859375,1863.0999755859375,1835.0,1835.0,742694,1835.0
2025-08-08,1833.5999755859375,1870.9000244140625,1831.0,1851.0999755859375,779798,1851.0999755859375
2025-08-11,1851.0,1852.699951171875,1825.9000244140625,1836.0,455452,1836.0
2025-08-12,1838.0,1863.9000244140625,1834.0,1849.699951171875,627624,1849.699951171875
2025-08-13,1840.300048828125,1859.0,1838.0,1841.300048828125,570828,1841.300048828125
2025-08-14,1840.5999755859375,1853.699951171875,1832.199951171875,1842.0999755859375,468063,1842.0999755859375
2025-08-18,1863.0,1912.0,1850.0,1879.0,1924632,1879.0
2025-08-19,1854.0999755859375,1869.9000244140625,1836.5999755859375,1865.0,621923,1865.0
2025-08-20,1858.5,1864.9000244140625,1843.4000244140625,1846.0,446416,1846.0
2025-08-21,1877.300048828125,1892.5,1870.0,1870.0,1316202,1870.0
2025-08-22,1859.0,1870.0,1849.4000244140625,1860.0999755859375,605948,1860.0999755859375
2025-08-25,1846.800048828125,1862.4000244140625,1843.4000244140625,1858.9000244140625,613536,1858.9000244140625
2025-08-26,1816.5999755859375,1857.5999755859375,1809.800048828125,1846.9000244140625,669578,1846.9000244140625
2025-08-28,1816.800048828125,1841.300048828125,1806.199951171875,1815.699951171875,948055,1815.699951171875
2025-08-29,1805.5,1826.9000244140625,1801.0999755859375,1826.9000244140625,801378,1826.9000244140625
2025-09-01,1809.800048828125,1815.9000244140625,1796.5999755859375,1800.0,530198,1800.0
2025-09-02,1814.5,1825.0,1802.699951171875,1814.9000244140625,388232,1814.9000244140625
2025-09-03,1810.699951171875,1818.9000244140625,1797.0,1814.5,1249945,1814.5
2025-09-04,1791.0999755859375,1890.0,1773.0,1890.0,2151243,1890.0
2025-09-05,1805.300048828125,1827.5,1800.0999755859375,1815.0,757123,1815.0
2025-09-08,1780.9000244140625,1810.0,1769.5,1807.0,1553347,1807.0
2025-09-09,1805.699951171875,1811.5,1778.300048828125,1789.800048828125,895295,1789.800048828125
2025-09-10,1833.699951171875,1843.5999755859375,1796.0,1804.9000244140625,881560,1804.9000244140625
2025-09-11,1814.199951171875,1824.9000244140625,1802.0,1824.800048828125,663203,1824.800048828125
2025-09-12,1830.199951171875,1834.5,1803.5999755859375,1814.199951171875,509725,1814.199951171875
2025-09-15,1822.199951171875,1833.0,1812.300048828125,1830.0999755859375,485383,1830.0999755859375
2025-09-16,1818.800048828125,1832.9000244140625,1810.0,1830.4000244140625,496743,1830.4000244140625
2025-09-17,1804.0,1827.5,1800.699951171875,1810.0999755859375,706812,1810.0999755859375
2025-09-18,1821.800048828125,1831.0,1795.300048828125,1804.9000244140625,817549,1804.9000244140625
2025-09-19,1841.699951171875,1846.9000244140625,1821.800048828125,1828.0,1633208,1828.0
2025-09-22,1857.699951171875,1879.699951171875,1852.800048828125,1855.0,1003774,1855.0
2025-09-23,1819.4000244140625,1865.699951171875,1815.4000244140625,1865.0,737343,1865.0
2025-09-24,1817.0999755859375,1825.4000244140625,1806.0,1824.9000244140625,507030,1824.9000244140625
2025-09-25,1809.800048828125,1819.699951171875,1797.5,1810.0999755859375,1003709,1810.0999755859375
2025-09-26,1798.800048828125,1819.0,1790.0,1807.4000244140625,1561042,1807.4000244140625
2025-09-29,1788.699951171875,1814.0,1785.0,1814.0,1003806,1814.0
2025-09-30,1790.5999755859375,1795.699951171875,1778.0,1783.0,1668918,1783.0
2025-10-01,1801.0999755859375,1806.5,1769.0999755859375,1783.0,704858,1783.0
2025-10-03,1785.0999755859375,1803.199951171875,1766.199951171875,1801.0999755859375,715403,1801.0999755859375
2025-10-06,1770.9000244140625,1784.199951171875,1759.4000244140625,1776.0,1560572,1776.0
2025-10-07,1784.0999755859375,1793.699951171875,1771.300048828125,1777.0,859968,1777.0
2025-10-08,1772.9000244140625,1795.9000244140625,1757.699951171875,1784.0,1323877,1784.0
2025-10-09,1809.800048828125,1813.4000244140625,1770.5999755859375,1772.9000244140625,848466,1772.9000244140625
2025-10-10,1810.4000244140625,1843.699951171875,1806.4000244140625,1825.0,1097936,1825.0
2025-10-13,1815.300048828125,1827.9000244140625,1798.0999755859375,1810.0,409793,1810.0
2025-10-14,1816.199951171875,1825.800048828125,1807.5999755859375,1817.4000244140625,655909,1817.4000244140625
2025-10-15,1840.5999755859375,1858.4000244140625,1813.4000244140625,1816.0999755859375,891713,1816.0999755859375
2025-10-16,1835.699951171875,1844.9000244140625,1809.5,1842.5999755859375,969316,1842.5999755859375
2025-10-17,1844.0999755859375,1852.4000244140625,1820.0999755859375,1844.0,1183570,1844.0
2025-10-20,1839.699951171875,1857.199951171875,1828.0,1850.0,590467,1850.0
2025-10-21,1841.0,1852.0,1832.5,1852.0,41649,1852.0
2025-10-23,1852.699951171875,1864.199951171875,1841.0,1850.0,543795,1850.0
2025-10-24,1839.800048828125,1864.0,1831.800048828125,1860.0,517403,1860.0
2025-10-27,1903.0999755859375,1923.9000244140625,1880.199951171875,1880.199951171875,2866910,1880.199951171875
2025-10-28,1936.800048828125,1945.5999755859375,1894.800048828125,1903.0999755859375,2166517,1903.0999755859375
2025-10-29,1970.4000244140625,1975.0,1934.0,1934.0,2398496,1934.0
2025-10-30,1968.4000244140625,1971.9000244140625,1954.0999755859375,1970.4000244140625,842738,1970.4000244140625
2025-10-31,1955.699951171875,1978.699951171875,1951.800048828125,1965.0,1167506,1965.0
2025-11-03,1969.5999755859375,1982.199951171875,1945.0,1950.0,687299,1950.0
2025-11-04,1971.5,1997.300048828125,1956.9000244140625,1959.0999755859375,664256,1959.0999755859375
2025-11-06,1970.800048828125,1990.800048828125,1964.0,1976.9000244140625,1094086,1976.9000244140625
2025-11-07,1998.9000244140625,2004.0,1957.699951171875,1962.0999755859375,1241016,1962.0999755859375
2025-11-10,1989.300048828125,2017.9000244140625,1985.199951171875,2000.0999755859375,1087154,2000.0999755859375
2025-11-11,1997.300048828125,2002.199951171875,1982.300048828125,1994.9000244140625,901898,1994.9000244140625
2025-11-12,1996.699951171875,2009.0,1983.800048828125,1997.300048828125,1006737,1997.300048828125
2025-11-13,1987.9000244140625,2005.0,1975.5,1980.5999755859375,671028,1980.5999755859375
2025-11-14,2000.9000244140625,2003.9000244140625,1977.800048828125,1982.5999755859375,678599,1982.5999755859375
2025-11-17,1996.0,2012.9000244140625,1993.300048828125,2000.9000244140625,726715,2000.9000244140625
2025-11-18,1993.300048828125,2013.5,1988.0,1991.0999755859375,855558,1991.0999755859375
2025-11-19,2004.800048828125,2008.300048828125,1985.0,1990.9000244140625,894171,1990.9000244140625
2025-11-20,2027.0999755859375,2032.0,2000.0,2013.9000244140625,805778,2013.9000244140625
2025-11-21,2022.5,2030.5,2016.5999755859375,2026.9000244140625,506477,2026.9000244140625
2025-11-24,2014.800048828125,2086.60009765625,2005.0,2027.0,2592739,2027.0
2025-11-25,2031.0,2044.0,1972.4000244140625,1972.4000244140625,748087,1972.4000244140625
2025-11-26,2029.0999755859375,2045.0,2024.0,2031.0,826123,2031.0
2025-11-27,2004.5,2036.0,2000.800048828125,2030.0,652128,2030.0
2025-11-28,1966.0,2011.0999755859375,1961.0,2011.0,1011160,2011.0
2025-12-01,1971.5999755859375,1977.0,1951.199951171875,1967.0,483716,1967.0
2025-12-02,1981.5,1989.9000244140625,1952.0,1952.0,942591,1952.0
2025-12-03,1972.800048828125,1991.0,1959.9000244140625,1982.0,515105,1982.0
2025-12-04,2002.9000244140625,2009.0,1959.0,1970.199951171875,660360,1970.199951171875
2025-12-05,2023.699951171875,2046.300048828125,2000.699951171875,2003.0,749526,2003.0
2025-12-08,2020.699951171875,2036.0,2005.0,2005.0,1050200,2005.0
2025-12-09,2006.199951171875,2028.199951171875,1990.4000244140625,2019.0,887191,2019.0
2025-12-10,2014.5,2030.800048828125,1994.5999755859375,1996.0,598172,1996.0
2025-12-11,2006.9000244140625,2017.5999755859375,1995.5,2006.0999755859375,635250,2006.0999755859375
2025-12-12,2025.9000244140625,2030.4000244140625,2002.4000244140625,2012.0,557472,2012.0
2025-12-15,2034.9000244140625,2040.0,2008.0,2030.0999755859375,565860,2030.0999755859375
2025-12-16,2036.0,2052.199951171875,2021.0,2034.9000244140625,815797,2034.9000244140625
2025-12-17,2010.199951171875,2048.699951171875,1995.5,2039.4000244140625,896027,2039.4000244140625
2025-12-18,2014.4000244140625,2020.4000244140625,2001.5999755859375,2018.0,301399,2018.0
2025-12-19,2028.4000244140625,2035.5,2012.4000244140625,2014.5,751874,2014.5
2025-12-22,2022.300048828125,2031.0999755859375,2013.0999755859375,2027.699951171875,526892,2027.699951171875
2025-12-23,2024.800048828125,2032.199951171875,2018.300048828125,2032.199951171875,290105,2032.199951171875
2025-12-24,2025.4000244140625,2033.5999755859375,2020.199951171875,2029.199951171875,353971,2029.199951171875
2025-12-26,2019.0999755859375,2034.9000244140625,2004.0999755859375,2025.4000244140625,180039,2025.4000244140625
2025-12-29,2009.800048828125,2026.699951171875,2006.5999755859375,2026.699951171875,407998,2026.699951171875
2025-12-30,1995.5,2019.800048828125,1968.199951171875,2009.800048828125,3166927,2009.800048828125
2025-12-31,2034.9000244140625,2043.5,1992.5,2010.199951171875,751134,2010.199951171875
2026-01-01,2040.4000244140625,2045.9000244140625,2027.199951171875,2034.9000244140625,235630,2034.9000244140625
2026-01-02,2067.39990234375,2077.300048828125,2040.0,2040.4000244140625,472182,2040.4000244140625
2026-01-05,2075.60009765625,2094.89990234375,2063.199951171875,2067.39990234375,788144,2067.39990234375
2026-01-06,2095.800048828125,2106.0,2064.0,2064.0,618958,2064.0
2026-01-07,2070.800048828125,2109.60009765625,2065.0,2090.0,1065734,2090.0
2026-01-08,2082.89990234375,2095.5,2067.699951171875,2080.89990234375,956736,2080.89990234375
2026-01-09,2070.0,2093.89990234375,2065.0,2093.800048828125,455165,2093.800048828125
2026-01-12,2098.0,2105.699951171875,2080.0,2085.0,1051481,2085.0
2026-01-13,2082.39990234375,2102.10009765625,2071.699951171875,2090.0,425540,2090.0
2026-01-14,2068.800048828125,2082.0,2063.300048828125,2070.199951171875,942775,2070.199951171875
2026-01-15,2068.800048828125,2068.800048828125,2068.800048828125,2068.800048828125,0,2068.800048828125
2026-01-16,2081.0,2097.199951171875,2061.89990234375,2062.0,753887,2062.0
2026-01-19,2073.699951171875,2095.60009765625,2066.199951171875,2066.199951171875,552463,2066.199951171875
2026-01-20,2049.10009765625,2080.0,2044.0,2080.0,576100,2080.0
2026-01-21,2055.39990234375,2076.800048828125,2038.199951171875,2038.199951171875,1014083,2038.199951171875
2026-01-22,2022.0,2067.10009765625,2009.300048828125,2056.10009765625,1829617,2056.10009765625
2026-01-23,2002.5999755859375,2022.0,1986.300048828125,2022.0,1128576,2022.0
2026-01-27,2038.199951171875,2047.800048828125,2005.199951171875,2005.199951171875,1396624,2005.199951171875
2026-01-28,2053.199951171875,2079.39990234375,2037.5999755859375,2046.9000244140625,1391036,2046.9000244140625
2026-01-29,1996.300048828125,2065.0,1962.9000244140625,2057.39990234375,3546891,2057.39990234375
2026-01-30,1998.5,2018.4000244140625,1951.5,1986.300048828125,2050622,1986.300048828125
2026-02-02,2001.0,2020.0,1955.5,1972.5,1337964,1972.5
2026-02-03,2002.0999755859375,2064.89990234375,1997.5999755859375,2056.39990234375,1915073,2056.39990234375
2026-02-04,2041.699951171875,2047.5,1995.800048828125,2002.0999755859375,1109824,2002.0999755859375
2026-02-05,2017.800048828125,2045.300048828125,2005.300048828125,2031.0,925742,2031.0
2026-02-06,1996.699951171875,2029.9000244140625,1974.300048828125,2026.0,884292,2026.0
2026-02-09,2024.0,2036.199951171875,1996.699951171875,1996.699951171875,1266623,1996.699951171875
2026-02-10,2018.300048828125,2027.5999755859375,1999.0,2024.0,570843,2024.0
2026-02-11,2026.300048828125,2039.0999755859375,2017.300048828125,2023.0,662626,2023.0
2026-02-12,2022.0999755859375,2026.0,1998.0,2022.0,426707,2022.0
2026-02-13,2034.199951171875,2043.9000244140625,2005.199951171875,2039.0,1240712,2039.0
2026-02-16,2042.4000244140625,2050.300048828125,2023.800048828125,2033.9000244140625,580680,2033.9000244140625
2026-02-17,2039.5,2045.0,2026.5999755859375,2042.4000244140625,377148,2042.4000244140625
2026-02-18,2059.60009765625,2062.39990234375,2034.4000244140625,2034.4000244140625,353144,2034.4000244140625
2026-02-19,2043.0,2068.0,2037.5999755859375,2065.0,420142,2065.0
2026-02-20,2080.0,2083.300048828125,2036.0,2042.9000244140625,922200,2042.9000244140625
2026-02-23,2109.60009765625,2132.0,2072.199951171875,2089.699951171875,998892,2089.699951171875
2026-02-24,2082.89990234375,2119.0,2076.60009765625,2109.60009765625,841918,2109.60009765625
2026-02-25,2073.60009765625,2106.0,2069.5,2089.699951171875,355352,2089.699951171875
